defect_id,slot_id,section_id,department,severity,criticality_score,defect_duration,slot_duration,duration_slack_hours,is_fit,fit_category,is_night_window,traffic_density,slot_source,slot_start,slot_end,max_tasks_possible,suitability_score,feasibility_notes
TMS-001,TT-SEC-01-20260907-0040,SEC-01,Engineering,High,10,4.0,3.5,-0.5,False,insufficient_duration,True,High,Timetable,2026-09-07T00:40:00,2026-09-07T04:10:00,2,40.0,Slot duration 3.5h is less than required 4.0h; High criticality matched to safe night corridor
TMS-001,TT-SEC-01-20260908-0040,SEC-01,Engineering,High,10,4.0,3.5,-0.5,False,insufficient_duration,True,High,Timetable,2026-09-08T00:40:00,2026-09-08T04:10:00,2,40.0,Slot duration 3.5h is less than required 4.0h; High criticality matched to safe night corridor
TMS-001,GF-SEC-01-20260908-0410,SEC-01,Engineering,High,10,4.0,1.5,-2.5,False,insufficient_duration,True,Low,GoodsForecast,2026-09-08T04:10:00,2026-09-08T05:40:00,1,50.0,"Slot duration 1.5h is less than required 4.0h; High criticality matched to safe night corridor; Utilizes dynamic goods cancellation slot, protecting timetable paths"
TMS-001,TT-SEC-01-20260909-0040,SEC-01,Engineering,High,10,4.0,3.5,-0.5,False,insufficient_duration,True,High,Timetable,2026-09-09T00:40:00,2026-09-09T04:10:00,2,40.0,Slot duration 3.5h is less than required 4.0h; High criticality matched to safe night corridor
TMS-001,TT-SEC-01-20260910-0040,SEC-01,Engineering,High,10,4.0,3.5,-0.5,False,insufficient_duration,True,High,Timetable,2026-09-10T00:40:00,2026-09-10T04:10:00,2,40.0,Slot duration 3.5h is less than required 4.0h; High criticality matched to safe night corridor
TMS-001,GF-SEC-01-20260910-0410,SEC-01,Engineering,High,10,4.0,1.5,-2.5,False,insufficient_duration,True,Low,GoodsForecast,2026-09-10T04:10:00,2026-09-10T05:40:00,1,50.0,"Slot duration 1.5h is less than required 4.0h; High criticality matched to safe night corridor; Utilizes dynamic goods cancellation slot, protecting timetable paths"
TMS-001,TT-SEC-01-20260911-0040,SEC-01,Engineering,High,10,4.0,3.5,-0.5,False,insufficient_duration,True,High,Timetable,2026-09-11T00:40:00,2026-09-11T04:10:00,2,40.0,Slot duration 3.5h is less than required 4.0h; High criticality matched to safe night corridor
TMS-001,TT-SEC-01-20260912-0040,SEC-01,Engineering,High,10,4.0,3.5,-0.5,False,insufficient_duration,True,High,Timetable,2026-09-12T00:40:00,2026-09-12T04:10:00,2,40.0,Slot duration 3.5h is less than required 4.0h; High criticality matched to safe night corridor
TMS-001,GF-SEC-01-20260912-0410,SEC-01,Engineering,High,10,4.0,1.5,-2.5,False,insufficient_duration,True,Low,GoodsForecast,2026-09-12T04:10:00,2026-09-12T05:40:00,1,50.0,"Slot duration 1.5h is less than required 4.0h; High criticality matched to safe night corridor; Utilizes dynamic goods cancellation slot, protecting timetable paths"
TMS-001,TT-SEC-01-20260913-0040,SEC-01,Engineering,High,10,4.0,4.0,0.0,True,tight_fit,True,High,Timetable,2026-09-13T00:40:00,2026-09-13T04:40:00,2,95.0,Optimal fit with minimal idle window; High criticality matched to safe night corridor
TMS-001,TT-SEC-01-20260916-0040,SEC-01,Engineering,High,10,4.0,3.5,-0.5,False,insufficient_duration,True,High,Timetable,2026-09-16T00:40:00,2026-09-16T04:10:00,2,40.0,Slot duration 3.5h is less than required 4.0h; High criticality matched to safe night corridor
TMS-001,GF-SEC-01-20260916-0410,SEC-01,Engineering,High,10,4.0,1.5,-2.5,False,insufficient_duration,True,Low,GoodsForecast,2026-09-16T04:10:00,2026-09-16T05:40:00,1,50.0,"Slot duration 1.5h is less than required 4.0h; High criticality matched to safe night corridor; Utilizes dynamic goods cancellation slot, protecting timetable paths"
TMS-001,TT-SEC-01-20260920-0040,SEC-01,Engineering,High,10,4.0,4.0,0.0,True,tight_fit,True,High,Timetable,2026-09-20T00:40:00,2026-09-20T04:40:00,2,95.0,Optimal fit with minimal idle window; High criticality matched to safe night corridor
TMS-001,TT-SEC-01-20260923-0040,SEC-01,Engineering,High,10,4.0,3.5,-0.5,False,insufficient_duration,True,High,Timetable,2026-09-23T00:40:00,2026-09-23T04:10:00,2,40.0,Slot duration 3.5h is less than required 4.0h; High criticality matched to safe night corridor
TMS-001,GF-SEC-01-20260923-0410,SEC-01,Engineering,High,10,4.0,1.5,-2.5,False,insufficient_duration,True,Low,GoodsForecast,2026-09-23T04:10:00,2026-09-23T05:40:00,1,50.0,"Slot duration 1.5h is less than required 4.0h; High criticality matched to safe night corridor; Utilizes dynamic goods cancellation slot, protecting timetable paths"
TMS-001,TT-SEC-01-20260927-0040,SEC-01,Engineering,High,10,4.0,4.0,0.0,True,tight_fit,True,High,Timetable,2026-09-27T00:40:00,2026-09-27T04:40:00,2,95.0,Optimal fit with minimal idle window; High criticality matched to safe night corridor
TMS-001,TT-SEC-01-20260930-0040,SEC-01,Engineering,High,10,4.0,3.5,-0.5,False,insufficient_duration,True,High,Timetable,2026-09-30T00:40:00,2026-09-30T04:10:00,2,40.0,Slot duration 3.5h is less than required 4.0h; High criticality matched to safe night corridor
TMS-002,TT-SEC-01-20260907-0040,SEC-01,Engineering,High,9,3.5,3.5,0.0,True,tight_fit,True,High,Timetable,2026-09-07T00:40:00,2026-09-07T04:10:00,2,95.0,Optimal fit with minimal idle window; High criticality matched to safe night corridor
TMS-002,TT-SEC-01-20260908-0040,SEC-01,Engineering,High,9,3.5,3.5,0.0,True,tight_fit,True,High,Timetable,2026-09-08T00:40:00,2026-09-08T04:10:00,2,95.0,Optimal fit with minimal idle window; High criticality matched to safe night corridor
TMS-002,GF-SEC-01-20260908-0410,SEC-01,Engineering,High,9,3.5,1.5,-2.0,False,insufficient_duration,True,Low,GoodsForecast,2026-09-08T04:10:00,2026-09-08T05:40:00,1,50.0,"Slot duration 1.5h is less than required 3.5h; High criticality matched to safe night corridor; Utilizes dynamic goods cancellation slot, protecting timetable paths"
TMS-002,TT-SEC-01-20260909-0040,SEC-01,Engineering,High,9,3.5,3.5,0.0,True,tight_fit,True,High,Timetable,2026-09-09T00:40:00,2026-09-09T04:10:00,2,95.0,Optimal fit with minimal idle window; High criticality matched to safe night corridor
TMS-002,TT-SEC-01-20260910-0040,SEC-01,Engineering,High,9,3.5,3.5,0.0,True,tight_fit,True,High,Timetable,2026-09-10T00:40:00,2026-09-10T04:10:00,2,95.0,Optimal fit with minimal idle window; High criticality matched to safe night corridor
TMS-002,GF-SEC-01-20260910-0410,SEC-01,Engineering,High,9,3.5,1.5,-2.0,False,insufficient_duration,True,Low,GoodsForecast,2026-09-10T04:10:00,2026-09-10T05:40:00,1,50.0,"Slot duration 1.5h is less than required 3.5h; High criticality matched to safe night corridor; Utilizes dynamic goods cancellation slot, protecting timetable paths"
TMS-002,TT-SEC-01-20260911-0040,SEC-01,Engineering,High,9,3.5,3.5,0.0,True,tight_fit,True,High,Timetable,2026-09-11T00:40:00,2026-09-11T04:10:00,2,95.0,Optimal fit with minimal idle window; High criticality matched to safe night corridor
TMS-002,TT-SEC-01-20260912-0040,SEC-01,Engineering,High,9,3.5,3.5,0.0,True,tight_fit,True,High,Timetable,2026-09-12T00:40:00,2026-09-12T04:10:00,2,95.0,Optimal fit with minimal idle window; High criticality matched to safe night corridor
TMS-002,GF-SEC-01-20260912-0410,SEC-01,Engineering,High,9,3.5,1.5,-2.0,False,insufficient_duration,True,Low,GoodsForecast,2026-09-12T04:10:00,2026-09-12T05:40:00,1,50.0,"Slot duration 1.5h is less than required 3.5h; High criticality matched to safe night corridor; Utilizes dynamic goods cancellation slot, protecting timetable paths"
TMS-002,TT-SEC-01-20260913-0040,SEC-01,Engineering,High,9,3.5,4.0,0.5,True,tight_fit,True,High,Timetable,2026-09-13T00:40:00,2026-09-13T04:40:00,2,95.0,Optimal fit with minimal idle window; High criticality matched to safe night corridor
TMS-002,TT-SEC-01-20260916-0040,SEC-01,Engineering,High,9,3.5,3.5,0.0,True,tight_fit,True,High,Timetable,2026-09-16T00:40:00,2026-09-16T04:10:00,2,95.0,Optimal fit with minimal idle window; High criticality matched to safe night corridor
TMS-002,GF-SEC-01-20260916-0410,SEC-01,Engineering,High,9,3.5,1.5,-2.0,False,insufficient_duration,True,Low,GoodsForecast,2026-09-16T04:10:00,2026-09-16T05:40:00,1,50.0,"Slot duration 1.5h is less than required 3.5h; High criticality matched to safe night corridor; Utilizes dynamic goods cancellation slot, protecting timetable paths"
TMS-002,TT-SEC-01-20260920-0040,SEC-01,Engineering,High,9,3.5,4.0,0.5,True,tight_fit,True,High,Timetable,2026-09-20T00:40:00,2026-09-20T04:40:00,2,95.0,Optimal fit with minimal idle window; High criticality matched to safe night corridor
TMS-002,TT-SEC-01-20260923-0040,SEC-01,Engineering,High,9,3.5,3.5,0.0,True,tight_fit,True,High,Timetable,2026-09-23T00:40:00,2026-09-23T04:10:00,2,95.0,Optimal fit with minimal idle window; High criticality matched to safe night corridor
TMS-002,GF-SEC-01-20260923-0410,SEC-01,Engineering,High,9,3.5,1.5,-2.0,False,insufficient_duration,True,Low,GoodsForecast,2026-09-23T04:10:00,2026-09-23T05:40:00,1,50.0,"Slot duration 1.5h is less than required 3.5h; High criticality matched to safe night corridor; Utilizes dynamic goods cancellation slot, protecting timetable paths"
TMS-002,TT-SEC-01-20260927-0040,SEC-01,Engineering,High,9,3.5,4.0,0.5,True,tight_fit,True,High,Timetable,2026-09-27T00:40:00,2026-09-27T04:40:00,2,95.0,Optimal fit with minimal idle window; High criticality matched to safe night corridor
TMS-002,TT-SEC-01-20260930-0040,SEC-01,Engineering,High,9,3.5,3.5,0.0,True,tight_fit,True,High,Timetable,2026-09-30T00:40:00,2026-09-30T04:10:00,2,95.0,Optimal fit with minimal idle window; High criticality matched to safe night corridor
TMS-003,TT-SEC-01-20260907-0040,SEC-01,Engineering,High,9,3.0,3.5,0.5,True,tight_fit,True,High,Timetable,2026-09-07T00:40:00,2026-09-07T04:10:00,2,95.0,Optimal fit with minimal idle window; High criticality matched to safe night corridor
TMS-003,TT-SEC-01-20260908-0040,SEC-01,Engineering,High,9,3.0,3.5,0.5,True,tight_fit,True,High,Timetable,2026-09-08T00:40:00,2026-09-08T04:10:00,2,95.0,Optimal fit with minimal idle window; High criticality matched to safe night corridor
TMS-003,GF-SEC-01-20260908-0410,SEC-01,Engineering,High,9,3.0,1.5,-1.5,False,insufficient_duration,True,Low,GoodsForecast,2026-09-08T04:10:00,2026-09-08T05:40:00,1,50.0,"Slot duration 1.5h is less than required 3.0h; High criticality matched to safe night corridor; Utilizes dynamic goods cancellation slot, protecting timetable paths"
TMS-003,TT-SEC-01-20260909-0040,SEC-01,Engineering,High,9,3.0,3.5,0.5,True,tight_fit,True,High,Timetable,2026-09-09T00:40:00,2026-09-09T04:10:00,2,95.0,Optimal fit with minimal idle window; High criticality matched to safe night corridor
TMS-003,TT-SEC-01-20260910-0040,SEC-01,Engineering,High,9,3.0,3.5,0.5,True,tight_fit,True,High,Timetable,2026-09-10T00:40:00,2026-09-10T04:10:00,2,95.0,Optimal fit with minimal idle window; High criticality matched to safe night corridor
TMS-003,GF-SEC-01-20260910-0410,SEC-01,Engineering,High,9,3.0,1.5,-1.5,False,insufficient_duration,True,Low,GoodsForecast,2026-09-10T04:10:00,2026-09-10T05:40:00,1,50.0,"Slot duration 1.5h is less than required 3.0h; High criticality matched to safe night corridor; Utilizes dynamic goods cancellation slot, protecting timetable paths"
TMS-003,TT-SEC-01-20260911-0040,SEC-01,Engineering,High,9,3.0,3.5,0.5,True,tight_fit,True,High,Timetable,2026-09-11T00:40:00,2026-09-11T04:10:00,2,95.0,Optimal fit with minimal idle window; High criticality matched to safe night corridor
TMS-003,TT-SEC-01-20260912-0040,SEC-01,Engineering,High,9,3.0,3.5,0.5,True,tight_fit,True,High,Timetable,2026-09-12T00:40:00,2026-09-12T04:10:00,2,95.0,Optimal fit with minimal idle window; High criticality matched to safe night corridor
TMS-003,GF-SEC-01-20260912-0410,SEC-01,Engineering,High,9,3.0,1.5,-1.5,False,insufficient_duration,True,Low,GoodsForecast,2026-09-12T04:10:00,2026-09-12T05:40:00,1,50.0,"Slot duration 1.5h is less than required 3.0h; High criticality matched to safe night corridor; Utilizes dynamic goods cancellation slot, protecting timetable paths"
TMS-003,TT-SEC-01-20260913-0040,SEC-01,Engineering,High,9,3.0,4.0,1.0,True,comfortable_fit,True,High,Timetable,2026-09-13T00:40:00,2026-09-13T04:40:00,2,90.0,Adequate buffer for setup and clearance; High criticality matched to safe night corridor
TMS-003,TT-SEC-01-20260916-0040,SEC-01,Engineering,High,9,3.0,3.5,0.5,True,tight_fit,True,High,Timetable,2026-09-16T00:40:00,2026-09-16T04:10:00,2,95.0,Optimal fit with minimal idle window; High criticality matched to safe night corridor
TMS-003,GF-SEC-01-20260916-0410,SEC-01,Engineering,High,9,3.0,1.5,-1.5,False,insufficient_duration,True,Low,GoodsForecast,2026-09-16T04:10:00,2026-09-16T05:40:00,1,50.0,"Slot duration 1.5h is less than required 3.0h; High criticality matched to safe night corridor; Utilizes dynamic goods cancellation slot, protecting timetable paths"
TMS-003,TT-SEC-01-20260920-0040,SEC-01,Engineering,High,9,3.0,4.0,1.0,True,comfortable_fit,True,High,Timetable,2026-09-20T00:40:00,2026-09-20T04:40:00,2,90.0,Adequate buffer for setup and clearance; High criticality matched to safe night corridor
TMS-003,TT-SEC-01-20260923-0040,SEC-01,Engineering,High,9,3.0,3.5,0.5,True,tight_fit,True,High,Timetable,2026-09-23T00:40:00,2026-09-23T04:10:00,2,95.0,Optimal fit with minimal idle window; High criticality matched to safe night corridor
TMS-003,GF-SEC-01-20260923-0410,SEC-01,Engineering,High,9,3.0,1.5,-1.5,False,insufficient_duration,True,Low,GoodsForecast,2026-09-23T04:10:00,2026-09-23T05:40:00,1,50.0,"Slot duration 1.5h is less than required 3.0h; High criticality matched to safe night corridor; Utilizes dynamic goods cancellation slot, protecting timetable paths"
TMS-003,TT-SEC-01-20260927-0040,SEC-01,Engineering,High,9,3.0,4.0,1.0,True,comfortable_fit,True,High,Timetable,2026-09-27T00:40:00,2026-09-27T04:40:00,2,90.0,Adequate buffer for setup and clearance; High criticality matched to safe night corridor
TMS-003,TT-SEC-01-20260930-0040,SEC-01,Engineering,High,9,3.0,3.5,0.5,True,tight_fit,True,High,Timetable,2026-09-30T00:40:00,2026-09-30T04:10:00,2,95.0,Optimal fit with minimal idle window; High criticality matched to safe night corridor
TMS-004,TT-SEC-01-20260907-0040,SEC-01,Engineering,Medium,7,3.0,3.5,0.5,True,tight_fit,True,High,Timetable,2026-09-07T00:40:00,2026-09-07T04:10:00,2,85.0,Optimal fit with minimal idle window
TMS-004,TT-SEC-01-20260908-0040,SEC-01,Engineering,Medium,7,3.0,3.5,0.5,True,tight_fit,True,High,Timetable,2026-09-08T00:40:00,2026-09-08T04:10:00,2,85.0,Optimal fit with minimal idle window
TMS-004,GF-SEC-01-20260908-0410,SEC-01,Engineering,Medium,7,3.0,1.5,-1.5,False,insufficient_duration,True,Low,GoodsForecast,2026-09-08T04:10:00,2026-09-08T05:40:00,1,40.0,"Slot duration 1.5h is less than required 3.0h; Utilizes dynamic goods cancellation slot, protecting timetable paths"
TMS-004,TT-SEC-01-20260909-0040,SEC-01,Engineering,Medium,7,3.0,3.5,0.5,True,tight_fit,True,High,Timetable,2026-09-09T00:40:00,2026-09-09T04:10:00,2,85.0,Optimal fit with minimal idle window
TMS-004,TT-SEC-01-20260910-0040,SEC-01,Engineering,Medium,7,3.0,3.5,0.5,True,tight_fit,True,High,Timetable,2026-09-10T00:40:00,2026-09-10T04:10:00,2,85.0,Optimal fit with minimal idle window
TMS-004,GF-SEC-01-20260910-0410,SEC-01,Engineering,Medium,7,3.0,1.5,-1.5,False,insufficient_duration,True,Low,GoodsForecast,2026-09-10T04:10:00,2026-09-10T05:40:00,1,40.0,"Slot duration 1.5h is less than required 3.0h; Utilizes dynamic goods cancellation slot, protecting timetable paths"
TMS-004,TT-SEC-01-20260911-0040,SEC-01,Engineering,Medium,7,3.0,3.5,0.5,True,tight_fit,True,High,Timetable,2026-09-11T00:40:00,2026-09-11T04:10:00,2,85.0,Optimal fit with minimal idle window
TMS-004,TT-SEC-01-20260912-0040,SEC-01,Engineering,Medium,7,3.0,3.5,0.5,True,tight_fit,True,High,Timetable,2026-09-12T00:40:00,2026-09-12T04:10:00,2,85.0,Optimal fit with minimal idle window
TMS-004,GF-SEC-01-20260912-0410,SEC-01,Engineering,Medium,7,3.0,1.5,-1.5,False,insufficient_duration,True,Low,GoodsForecast,2026-09-12T04:10:00,2026-09-12T05:40:00,1,40.0,"Slot duration 1.5h is less than required 3.0h; Utilizes dynamic goods cancellation slot, protecting timetable paths"
TMS-004,TT-SEC-01-20260913-0040,SEC-01,Engineering,Medium,7,3.0,4.0,1.0,True,comfortable_fit,True,High,Timetable,2026-09-13T00:40:00,2026-09-13T04:40:00,2,80.0,Adequate buffer for setup and clearance
TMS-004,TT-SEC-01-20260916-0040,SEC-01,Engineering,Medium,7,3.0,3.5,0.5,True,tight_fit,True,High,Timetable,2026-09-16T00:40:00,2026-09-16T04:10:00,2,85.0,Optimal fit with minimal idle window
TMS-004,GF-SEC-01-20260916-0410,SEC-01,Engineering,Medium,7,3.0,1.5,-1.5,False,insufficient_duration,True,Low,GoodsForecast,2026-09-16T04:10:00,2026-09-16T05:40:00,1,40.0,"Slot duration 1.5h is less than required 3.0h; Utilizes dynamic goods cancellation slot, protecting timetable paths"
TMS-004,TT-SEC-01-20260920-0040,SEC-01,Engineering,Medium,7,3.0,4.0,1.0,True,comfortable_fit,True,High,Timetable,2026-09-20T00:40:00,2026-09-20T04:40:00,2,80.0,Adequate buffer for setup and clearance
TMS-004,TT-SEC-01-20260923-0040,SEC-01,Engineering,Medium,7,3.0,3.5,0.5,True,tight_fit,True,High,Timetable,2026-09-23T00:40:00,2026-09-23T04:10:00,2,85.0,Optimal fit with minimal idle window
TMS-004,GF-SEC-01-20260923-0410,SEC-01,Engineering,Medium,7,3.0,1.5,-1.5,False,insufficient_duration,True,Low,GoodsForecast,2026-09-23T04:10:00,2026-09-23T05:40:00,1,40.0,"Slot duration 1.5h is less than required 3.0h; Utilizes dynamic goods cancellation slot, protecting timetable paths"
TMS-004,TT-SEC-01-20260927-0040,SEC-01,Engineering,Medium,7,3.0,4.0,1.0,True,comfortable_fit,True,High,Timetable,2026-09-27T00:40:00,2026-09-27T04:40:00,2,80.0,Adequate buffer for setup and clearance
TMS-004,TT-SEC-01-20260930-0040,SEC-01,Engineering,Medium,7,3.0,3.5,0.5,True,tight_fit,True,High,Timetable,2026-09-30T00:40:00,2026-09-30T04:10:00,2,85.0,Optimal fit with minimal idle window
TMS-005,TT-SEC-02-20260907-0110,SEC-02,Engineering,Medium,6,3.0,3.17,0.17,True,tight_fit,True,High,Timetable,2026-09-07T01:10:00,2026-09-07T04:20:00,1,95.0,Optimal fit with minimal idle window; High backlog age (24 days) boosts priority
TMS-005,TT-SEC-02-20260908-0110,SEC-02,Engineering,Medium,6,3.0,3.17,0.17,True,tight_fit,True,High,Timetable,2026-09-08T01:10:00,2026-09-08T04:20:00,1,95.0,Optimal fit with minimal idle window; High backlog age (24 days) boosts priority
TMS-005,TT-SEC-02-20260909-0110,SEC-02,Engineering,Medium,6,3.0,3.17,0.17,True,tight_fit,True,High,Timetable,2026-09-09T01:10:00,2026-09-09T04:20:00,1,95.0,Optimal fit with minimal idle window; High backlog age (24 days) boosts priority
TMS-005,GF-SEC-02-20260909-0420,SEC-02,Engineering,Medium,6,3.0,1.5,-1.5,False,insufficient_duration,True,Low,GoodsForecast,2026-09-09T04:20:00,2026-09-09T05:50:00,1,50.0,"Slot duration 1.5h is less than required 3.0h; Utilizes dynamic goods cancellation slot, protecting timetable paths; High backlog age (24 days) boosts priority"
TMS-005,TT-SEC-02-20260910-0110,SEC-02,Engineering,Medium,6,3.0,3.17,0.17,True,tight_fit,True,High,Timetable,2026-09-10T01:10:00,2026-09-10T04:20:00,1,95.0,Optimal fit with minimal idle window; High backlog age (24 days) boosts priority
TMS-005,TT-SEC-02-20260911-0110,SEC-02,Engineering,Medium,6,3.0,3.17,0.17,True,tight_fit,True,High,Timetable,2026-09-11T01:10:00,2026-09-11T04:20:00,1,95.0,Optimal fit with minimal idle window; High backlog age (24 days) boosts priority
TMS-005,GF-SEC-02-20260911-0420,SEC-02,Engineering,Medium,6,3.0,1.5,-1.5,False,insufficient_duration,True,Low,GoodsForecast,2026-09-11T04:20:00,2026-09-11T05:50:00,1,50.0,"Slot duration 1.5h is less than required 3.0h; Utilizes dynamic goods cancellation slot, protecting timetable paths; High backlog age (24 days) boosts priority"
TMS-005,TT-SEC-02-20260912-0110,SEC-02,Engineering,Medium,6,3.0,3.17,0.17,True,tight_fit,True,High,Timetable,2026-09-12T01:10:00,2026-09-12T04:20:00,1,95.0,Optimal fit with minimal idle window; High backlog age (24 days) boosts priority
TMS-005,TT-SEC-02-20260913-0110,SEC-02,Engineering,Medium,6,3.0,3.67,0.67,True,comfortable_fit,True,High,Timetable,2026-09-13T01:10:00,2026-09-13T04:50:00,2,90.0,Adequate buffer for setup and clearance; High backlog age (24 days) boosts priority
TMS-005,TT-SEC-02-20260916-0110,SEC-02,Engineering,Medium,6,3.0,3.17,0.17,True,tight_fit,True,High,Timetable,2026-09-16T01:10:00,2026-09-16T04:20:00,1,95.0,Optimal fit with minimal idle window; High backlog age (24 days) boosts priority
TMS-005,GF-SEC-02-20260918-0420,SEC-02,Engineering,Medium,6,3.0,1.5,-1.5,False,insufficient_duration,True,Low,GoodsForecast,2026-09-18T04:20:00,2026-09-18T05:50:00,1,50.0,"Slot duration 1.5h is less than required 3.0h; Utilizes dynamic goods cancellation slot, protecting timetable paths; High backlog age (24 days) boosts priority"
TMS-005,TT-SEC-02-20260920-0110,SEC-02,Engineering,Medium,6,3.0,3.67,0.67,True,comfortable_fit,True,High,Timetable,2026-09-20T01:10:00,2026-09-20T04:50:00,2,90.0,Adequate buffer for setup and clearance; High backlog age (24 days) boosts priority
TMS-005,TT-SEC-02-20260923-0110,SEC-02,Engineering,Medium,6,3.0,3.17,0.17,True,tight_fit,True,High,Timetable,2026-09-23T01:10:00,2026-09-23T04:20:00,1,95.0,Optimal fit with minimal idle window; High backlog age (24 days) boosts priority
TMS-005,TT-SEC-02-20260927-0110,SEC-02,Engineering,Medium,6,3.0,3.67,0.67,True,comfortable_fit,True,High,Timetable,2026-09-27T01:10:00,2026-09-27T04:50:00,2,90.0,Adequate buffer for setup and clearance; High backlog age (24 days) boosts priority
TMS-005,TT-SEC-02-20260930-0110,SEC-02,Engineering,Medium,6,3.0,3.17,0.17,True,tight_fit,True,High,Timetable,2026-09-30T01:10:00,2026-09-30T04:20:00,1,95.0,Optimal fit with minimal idle window; High backlog age (24 days) boosts priority
TMS-006,TT-SEC-02-20260907-0110,SEC-02,Engineering,Medium,6,3.0,3.17,0.17,True,tight_fit,True,High,Timetable,2026-09-07T01:10:00,2026-09-07T04:20:00,1,85.0,Optimal fit with minimal idle window
TMS-006,TT-SEC-02-20260908-0110,SEC-02,Engineering,Medium,6,3.0,3.17,0.17,True,tight_fit,True,High,Timetable,2026-09-08T01:10:00,2026-09-08T04:20:00,1,85.0,Optimal fit with minimal idle window
TMS-006,TT-SEC-02-20260909-0110,SEC-02,Engineering,Medium,6,3.0,3.17,0.17,True,tight_fit,True,High,Timetable,2026-09-09T01:10:00,2026-09-09T04:20:00,1,85.0,Optimal fit with minimal idle window
TMS-006,GF-SEC-02-20260909-0420,SEC-02,Engineering,Medium,6,3.0,1.5,-1.5,False,insufficient_duration,True,Low,GoodsForecast,2026-09-09T04:20:00,2026-09-09T05:50:00,1,40.0,"Slot duration 1.5h is less than required 3.0h; Utilizes dynamic goods cancellation slot, protecting timetable paths"
TMS-006,TT-SEC-02-20260910-0110,SEC-02,Engineering,Medium,6,3.0,3.17,0.17,True,tight_fit,True,High,Timetable,2026-09-10T01:10:00,2026-09-10T04:20:00,1,85.0,Optimal fit with minimal idle window
TMS-006,TT-SEC-02-20260911-0110,SEC-02,Engineering,Medium,6,3.0,3.17,0.17,True,tight_fit,True,High,Timetable,2026-09-11T01:10:00,2026-09-11T04:20:00,1,85.0,Optimal fit with minimal idle window
TMS-006,GF-SEC-02-20260911-0420,SEC-02,Engineering,Medium,6,3.0,1.5,-1.5,False,insufficient_duration,True,Low,GoodsForecast,2026-09-11T04:20:00,2026-09-11T05:50:00,1,40.0,"Slot duration 1.5h is less than required 3.0h; Utilizes dynamic goods cancellation slot, protecting timetable paths"
TMS-006,TT-SEC-02-20260912-0110,SEC-02,Engineering,Medium,6,3.0,3.17,0.17,True,tight_fit,True,High,Timetable,2026-09-12T01:10:00,2026-09-12T04:20:00,1,85.0,Optimal fit with minimal idle window
TMS-006,TT-SEC-02-20260913-0110,SEC-02,Engineering,Medium,6,3.0,3.67,0.67,True,comfortable_fit,True,High,Timetable,2026-09-13T01:10:00,2026-09-13T04:50:00,2,80.0,Adequate buffer for setup and clearance
TMS-006,TT-SEC-02-20260916-0110,SEC-02,Engineering,Medium,6,3.0,3.17,0.17,True,tight_fit,True,High,Timetable,2026-09-16T01:10:00,2026-09-16T04:20:00,1,85.0,Optimal fit with minimal idle window
TMS-006,GF-SEC-02-20260918-0420,SEC-02,Engineering,Medium,6,3.0,1.5,-1.5,False,insufficient_duration,True,Low,GoodsForecast,2026-09-18T04:20:00,2026-09-18T05:50:00,1,40.0,"Slot duration 1.5h is less than required 3.0h; Utilizes dynamic goods cancellation slot, protecting timetable paths"
TMS-006,TT-SEC-02-20260920-0110,SEC-02,Engineering,Medium,6,3.0,3.67,0.67,True,comfortable_fit,True,High,Timetable,2026-09-20T01:10:00,2026-09-20T04:50:00,2,80.0,Adequate buffer for setup and clearance
TMS-006,TT-SEC-02-20260923-0110,SEC-02,Engineering,Medium,6,3.0,3.17,0.17,True,tight_fit,True,High,Timetable,2026-09-23T01:10:00,2026-09-23T04:20:00,1,85.0,Optimal fit with minimal idle window
TMS-006,TT-SEC-02-20260927-0110,SEC-02,Engineering,Medium,6,3.0,3.67,0.67,True,comfortable_fit,True,High,Timetable,2026-09-27T01:10:00,2026-09-27T04:50:00,2,80.0,Adequate buffer for setup and clearance
TMS-006,TT-SEC-02-20260930-0110,SEC-02,Engineering,Medium,6,3.0,3.17,0.17,True,tight_fit,True,High,Timetable,2026-09-30T01:10:00,2026-09-30T04:20:00,1,85.0,Optimal fit with minimal idle window
TMS-007,TT-SEC-03-20260907-0130,SEC-03,Engineering,Low,4,3.0,3.0,0.0,True,tight_fit,True,Medium,Timetable,2026-09-07T01:30:00,2026-09-07T04:30:00,1,90.0,Optimal fit with minimal idle window; High backlog age (41 days) boosts priority
TMS-007,TT-SEC-03-20260907-1030,SEC-03,Engineering,Low,4,3.0,2.5,-0.5,False,insufficient_duration,False,Medium,Timetable,2026-09-07T10:30:00,2026-09-07T13:00:00,1,45.0,Slot duration 2.5h is less than required 3.0h; Routine/low severity ideally executed during day shadow slots; High backlog age (41 days) boosts priority
TMS-007,TT-SEC-03-20260908-0130,SEC-03,Engineering,Low,4,3.0,3.0,0.0,True,tight_fit,True,Medium,Timetable,2026-09-08T01:30:00,2026-09-08T04:30:00,1,90.0,Optimal fit with minimal idle window; High backlog age (41 days) boosts priority
TMS-007,TT-SEC-03-20260909-0130,SEC-03,Engineering,Low,4,3.0,3.0,0.0,True,tight_fit,True,Medium,Timetable,2026-09-09T01:30:00,2026-09-09T04:30:00,1,90.0,Optimal fit with minimal idle window; High backlog age (41 days) boosts priority
TMS-007,TT-SEC-03-20260909-1030,SEC-03,Engineering,Low,4,3.0,2.5,-0.5,False,insufficient_duration,False,Medium,Timetable,2026-09-09T10:30:00,2026-09-09T13:00:00,1,45.0,Slot duration 2.5h is less than required 3.0h; Routine/low severity ideally executed during day shadow slots; High backlog age (41 days) boosts priority
TMS-007,TT-SEC-03-20260910-0130,SEC-03,Engineering,Low,4,3.0,3.0,0.0,True,tight_fit,True,Medium,Timetable,2026-09-10T01:30:00,2026-09-10T04:30:00,1,90.0,Optimal fit with minimal idle window; High backlog age (41 days) boosts priority
TMS-007,TT-SEC-03-20260911-0130,SEC-03,Engineering,Low,4,3.0,3.0,0.0,True,tight_fit,True,Medium,Timetable,2026-09-11T01:30:00,2026-09-11T04:30:00,1,90.0,Optimal fit with minimal idle window; High backlog age (41 days) boosts priority
TMS-007,TT-SEC-03-20260911-1030,SEC-03,Engineering,Low,4,3.0,2.5,-0.5,False,insufficient_duration,False,Medium,Timetable,2026-09-11T10:30:00,2026-09-11T13:00:00,1,45.0,Slot duration 2.5h is less than required 3.0h; Routine/low severity ideally executed during day shadow slots; High backlog age (41 days) boosts priority
TMS-007,GF-SEC-03-20260911-1300,SEC-03,Engineering,Low,4,3.0,1.5,-1.5,False,insufficient_duration,False,Low,GoodsForecast,2026-09-11T13:00:00,2026-09-11T14:30:00,1,55.0,"Slot duration 1.5h is less than required 3.0h; Routine/low severity ideally executed during day shadow slots; Utilizes dynamic goods cancellation slot, protecting timetable paths; High backlog age (41 days) boosts priority"
TMS-007,TT-SEC-03-20260912-0130,SEC-03,Engineering,Low,4,3.0,3.0,0.0,True,tight_fit,True,Medium,Timetable,2026-09-12T01:30:00,2026-09-12T04:30:00,1,90.0,Optimal fit with minimal idle window; High backlog age (41 days) boosts priority
TMS-007,TT-SEC-03-20260913-0130,SEC-03,Engineering,Low,4,3.0,3.0,0.0,True,tight_fit,True,Medium,Timetable,2026-09-13T01:30:00,2026-09-13T04:30:00,1,90.0,Optimal fit with minimal idle window; High backlog age (41 days) boosts priority
TMS-007,TT-SEC-03-20260913-1030,SEC-03,Engineering,Low,4,3.0,2.5,-0.5,False,insufficient_duration,False,Medium,Timetable,2026-09-13T10:30:00,2026-09-13T13:00:00,1,45.0,Slot duration 2.5h is less than required 3.0h; Routine/low severity ideally executed during day shadow slots; High backlog age (41 days) boosts priority
TMS-007,TT-SEC-03-20260916-0130,SEC-03,Engineering,Low,4,3.0,3.0,0.0,True,tight_fit,True,Medium,Timetable,2026-09-16T01:30:00,2026-09-16T04:30:00,1,90.0,Optimal fit with minimal idle window; High backlog age (41 days) boosts priority
TMS-007,TT-SEC-03-20260920-0130,SEC-03,Engineering,Low,4,3.0,3.0,0.0,True,tight_fit,True,Medium,Timetable,2026-09-20T01:30:00,2026-09-20T04:30:00,1,90.0,Optimal fit with minimal idle window; High backlog age (41 days) boosts priority
TMS-007,TT-SEC-03-20260920-1030,SEC-03,Engineering,Low,4,3.0,2.5,-0.5,False,insufficient_duration,False,Medium,Timetable,2026-09-20T10:30:00,2026-09-20T13:00:00,1,45.0,Slot duration 2.5h is less than required 3.0h; Routine/low severity ideally executed during day shadow slots; High backlog age (41 days) boosts priority
TMS-007,TT-SEC-03-20260923-0130,SEC-03,Engineering,Low,4,3.0,3.0,0.0,True,tight_fit,True,Medium,Timetable,2026-09-23T01:30:00,2026-09-23T04:30:00,1,90.0,Optimal fit with minimal idle window; High backlog age (41 days) boosts priority
TMS-007,TT-SEC-03-20260927-0130,SEC-03,Engineering,Low,4,3.0,3.0,0.0,True,tight_fit,True,Medium,Timetable,2026-09-27T01:30:00,2026-09-27T04:30:00,1,90.0,Optimal fit with minimal idle window; High backlog age (41 days) boosts priority
TMS-007,TT-SEC-03-20260927-1030,SEC-03,Engineering,Low,4,3.0,2.5,-0.5,False,insufficient_duration,False,Medium,Timetable,2026-09-27T10:30:00,2026-09-27T13:00:00,1,45.0,Slot duration 2.5h is less than required 3.0h; Routine/low severity ideally executed during day shadow slots; High backlog age (41 days) boosts priority
TMS-007,TT-SEC-03-20260930-0130,SEC-03,Engineering,Low,4,3.0,3.0,0.0,True,tight_fit,True,Medium,Timetable,2026-09-30T01:30:00,2026-09-30T04:30:00,1,90.0,Optimal fit with minimal idle window; High backlog age (41 days) boosts priority
TMS-008,TT-SEC-04-20260907-0200,SEC-04,Engineering,Medium,7,3.0,3.0,0.0,True,tight_fit,True,Medium,Timetable,2026-09-07T02:00:00,2026-09-07T05:00:00,1,85.0,Optimal fit with minimal idle window
TMS-008,TT-SEC-04-20260908-0200,SEC-04,Engineering,Medium,7,3.0,3.0,0.0,True,tight_fit,True,Medium,Timetable,2026-09-08T02:00:00,2026-09-08T05:00:00,1,85.0,Optimal fit with minimal idle window
TMS-008,TT-SEC-04-20260908-0945,SEC-04,Engineering,Medium,7,3.0,3.0,0.0,True,tight_fit,False,Medium,Timetable,2026-09-08T09:45:00,2026-09-08T12:45:00,1,85.0,Optimal fit with minimal idle window
TMS-008,TT-SEC-04-20260909-0200,SEC-04,Engineering,Medium,7,3.0,3.0,0.0,True,tight_fit,True,Medium,Timetable,2026-09-09T02:00:00,2026-09-09T05:00:00,1,85.0,Optimal fit with minimal idle window
TMS-008,TT-SEC-04-20260910-0200,SEC-04,Engineering,Medium,7,3.0,3.0,0.0,True,tight_fit,True,Medium,Timetable,2026-09-10T02:00:00,2026-09-10T05:00:00,1,85.0,Optimal fit with minimal idle window
TMS-008,TT-SEC-04-20260910-0945,SEC-04,Engineering,Medium,7,3.0,3.0,0.0,True,tight_fit,False,Medium,Timetable,2026-09-10T09:45:00,2026-09-10T12:45:00,1,85.0,Optimal fit with minimal idle window
TMS-008,TT-SEC-04-20260911-0200,SEC-04,Engineering,Medium,7,3.0,3.0,0.0,True,tight_fit,True,Medium,Timetable,2026-09-11T02:00:00,2026-09-11T05:00:00,1,85.0,Optimal fit with minimal idle window
TMS-008,TT-SEC-04-20260912-0200,SEC-04,Engineering,Medium,7,3.0,3.0,0.0,True,tight_fit,True,Medium,Timetable,2026-09-12T02:00:00,2026-09-12T05:00:00,1,85.0,Optimal fit with minimal idle window
TMS-008,TT-SEC-04-20260912-0945,SEC-04,Engineering,Medium,7,3.0,3.0,0.0,True,tight_fit,False,Medium,Timetable,2026-09-12T09:45:00,2026-09-12T12:45:00,1,85.0,Optimal fit with minimal idle window
TMS-008,GF-SEC-04-20260912-1245,SEC-04,Engineering,Medium,7,3.0,1.5,-1.5,False,insufficient_duration,False,Low,GoodsForecast,2026-09-12T12:45:00,2026-09-12T14:15:00,1,40.0,"Slot duration 1.5h is less than required 3.0h; Utilizes dynamic goods cancellation slot, protecting timetable paths"
TMS-008,TT-SEC-04-20260913-0200,SEC-04,Engineering,Medium,7,3.0,3.0,0.0,True,tight_fit,True,Medium,Timetable,2026-09-13T02:00:00,2026-09-13T05:00:00,1,85.0,Optimal fit with minimal idle window
TMS-008,TT-SEC-04-20260916-0200,SEC-04,Engineering,Medium,7,3.0,3.0,0.0,True,tight_fit,True,Medium,Timetable,2026-09-16T02:00:00,2026-09-16T05:00:00,1,85.0,Optimal fit with minimal idle window
TMS-008,TT-SEC-04-20260920-0200,SEC-04,Engineering,Medium,7,3.0,3.0,0.0,True,tight_fit,True,Medium,Timetable,2026-09-20T02:00:00,2026-09-20T05:00:00,1,85.0,Optimal fit with minimal idle window
TMS-008,TT-SEC-04-20260923-0200,SEC-04,Engineering,Medium,7,3.0,3.0,0.0,True,tight_fit,True,Medium,Timetable,2026-09-23T02:00:00,2026-09-23T05:00:00,1,85.0,Optimal fit with minimal idle window
TMS-008,TT-SEC-04-20260927-0200,SEC-04,Engineering,Medium,7,3.0,3.0,0.0,True,tight_fit,True,Medium,Timetable,2026-09-27T02:00:00,2026-09-27T05:00:00,1,85.0,Optimal fit with minimal idle window
TMS-008,TT-SEC-04-20260930-0200,SEC-04,Engineering,Medium,7,3.0,3.0,0.0,True,tight_fit,True,Medium,Timetable,2026-09-30T02:00:00,2026-09-30T05:00:00,1,85.0,Optimal fit with minimal idle window
TMS-009,TT-SEC-04-20260907-0200,SEC-04,Engineering,High,8,3.0,3.0,0.0,True,tight_fit,True,Medium,Timetable,2026-09-07T02:00:00,2026-09-07T05:00:00,1,95.0,Optimal fit with minimal idle window; High criticality matched to safe night corridor
TMS-009,TT-SEC-04-20260908-0200,SEC-04,Engineering,High,8,3.0,3.0,0.0,True,tight_fit,True,Medium,Timetable,2026-09-08T02:00:00,2026-09-08T05:00:00,1,95.0,Optimal fit with minimal idle window; High criticality matched to safe night corridor
TMS-009,TT-SEC-04-20260908-0945,SEC-04,Engineering,High,8,3.0,3.0,0.0,True,tight_fit,False,Medium,Timetable,2026-09-08T09:45:00,2026-09-08T12:45:00,1,80.0,Optimal fit with minimal idle window; Day shadow window on medium density line
TMS-009,TT-SEC-04-20260909-0200,SEC-04,Engineering,High,8,3.0,3.0,0.0,True,tight_fit,True,Medium,Timetable,2026-09-09T02:00:00,2026-09-09T05:00:00,1,95.0,Optimal fit with minimal idle window; High criticality matched to safe night corridor
TMS-009,TT-SEC-04-20260910-0200,SEC-04,Engineering,High,8,3.0,3.0,0.0,True,tight_fit,True,Medium,Timetable,2026-09-10T02:00:00,2026-09-10T05:00:00,1,95.0,Optimal fit with minimal idle window; High criticality matched to safe night corridor
TMS-009,TT-SEC-04-20260910-0945,SEC-04,Engineering,High,8,3.0,3.0,0.0,True,tight_fit,False,Medium,Timetable,2026-09-10T09:45:00,2026-09-10T12:45:00,1,80.0,Optimal fit with minimal idle window; Day shadow window on medium density line
TMS-009,TT-SEC-04-20260911-0200,SEC-04,Engineering,High,8,3.0,3.0,0.0,True,tight_fit,True,Medium,Timetable,2026-09-11T02:00:00,2026-09-11T05:00:00,1,95.0,Optimal fit with minimal idle window; High criticality matched to safe night corridor
TMS-009,TT-SEC-04-20260912-0200,SEC-04,Engineering,High,8,3.0,3.0,0.0,True,tight_fit,True,Medium,Timetable,2026-09-12T02:00:00,2026-09-12T05:00:00,1,95.0,Optimal fit with minimal idle window; High criticality matched to safe night corridor
TMS-009,TT-SEC-04-20260912-0945,SEC-04,Engineering,High,8,3.0,3.0,0.0,True,tight_fit,False,Medium,Timetable,2026-09-12T09:45:00,2026-09-12T12:45:00,1,80.0,Optimal fit with minimal idle window; Day shadow window on medium density line
TMS-009,GF-SEC-04-20260912-1245,SEC-04,Engineering,High,8,3.0,1.5,-1.5,False,insufficient_duration,False,Low,GoodsForecast,2026-09-12T12:45:00,2026-09-12T14:15:00,1,35.0,"Slot duration 1.5h is less than required 3.0h; Day shadow window on medium density line; Utilizes dynamic goods cancellation slot, protecting timetable paths"
TMS-009,TT-SEC-04-20260913-0200,SEC-04,Engineering,High,8,3.0,3.0,0.0,True,tight_fit,True,Medium,Timetable,2026-09-13T02:00:00,2026-09-13T05:00:00,1,95.0,Optimal fit with minimal idle window; High criticality matched to safe night corridor
TMS-009,TT-SEC-04-20260916-0200,SEC-04,Engineering,High,8,3.0,3.0,0.0,True,tight_fit,True,Medium,Timetable,2026-09-16T02:00:00,2026-09-16T05:00:00,1,95.0,Optimal fit with minimal idle window; High criticality matched to safe night corridor
TMS-009,TT-SEC-04-20260920-0200,SEC-04,Engineering,High,8,3.0,3.0,0.0,True,tight_fit,True,Medium,Timetable,2026-09-20T02:00:00,2026-09-20T05:00:00,1,95.0,Optimal fit with minimal idle window; High criticality matched to safe night corridor
TMS-009,TT-SEC-04-20260923-0200,SEC-04,Engineering,High,8,3.0,3.0,0.0,True,tight_fit,True,Medium,Timetable,2026-09-23T02:00:00,2026-09-23T05:00:00,1,95.0,Optimal fit with minimal idle window; High criticality matched to safe night corridor
TMS-009,TT-SEC-04-20260927-0200,SEC-04,Engineering,High,8,3.0,3.0,0.0,True,tight_fit,True,Medium,Timetable,2026-09-27T02:00:00,2026-09-27T05:00:00,1,95.0,Optimal fit with minimal idle window; High criticality matched to safe night corridor
TMS-009,TT-SEC-04-20260930-0200,SEC-04,Engineering,High,8,3.0,3.0,0.0,True,tight_fit,True,Medium,Timetable,2026-09-30T02:00:00,2026-09-30T05:00:00,1,95.0,Optimal fit with minimal idle window; High criticality matched to safe night corridor
TMS-010,TT-SEC-04-20260907-0200,SEC-04,Engineering,Low,3,2.5,3.0,0.5,True,tight_fit,True,Medium,Timetable,2026-09-07T02:00:00,2026-09-07T05:00:00,1,90.0,Optimal fit with minimal idle window; High backlog age (33 days) boosts priority
TMS-010,TT-SEC-04-20260908-0200,SEC-04,Engineering,Low,3,2.5,3.0,0.5,True,tight_fit,True,Medium,Timetable,2026-09-08T02:00:00,2026-09-08T05:00:00,1,90.0,Optimal fit with minimal idle window; High backlog age (33 days) boosts priority
TMS-010,TT-SEC-04-20260908-0945,SEC-04,Engineering,Low,3,2.5,3.0,0.5,True,tight_fit,False,Medium,Timetable,2026-09-08T09:45:00,2026-09-08T12:45:00,1,100.0,Optimal fit with minimal idle window; Routine/low severity ideally executed during day shadow slots; High backlog age (33 days) boosts priority
TMS-010,TT-SEC-04-20260909-0200,SEC-04,Engineering,Low,3,2.5,3.0,0.5,True,tight_fit,True,Medium,Timetable,2026-09-09T02:00:00,2026-09-09T05:00:00,1,90.0,Optimal fit with minimal idle window; High backlog age (33 days) boosts priority
TMS-010,TT-SEC-04-20260910-0200,SEC-04,Engineering,Low,3,2.5,3.0,0.5,True,tight_fit,True,Medium,Timetable,2026-09-10T02:00:00,2026-09-10T05:00:00,1,90.0,Optimal fit with minimal idle window; High backlog age (33 days) boosts priority
TMS-010,TT-SEC-04-20260910-0945,SEC-04,Engineering,Low,3,2.5,3.0,0.5,True,tight_fit,False,Medium,Timetable,2026-09-10T09:45:00,2026-09-10T12:45:00,1,100.0,Optimal fit with minimal idle window; Routine/low severity ideally executed during day shadow slots; High backlog age (33 days) boosts priority
TMS-010,TT-SEC-04-20260911-0200,SEC-04,Engineering,Low,3,2.5,3.0,0.5,True,tight_fit,True,Medium,Timetable,2026-09-11T02:00:00,2026-09-11T05:00:00,1,90.0,Optimal fit with minimal idle window; High backlog age (33 days) boosts priority
TMS-010,TT-SEC-04-20260912-0200,SEC-04,Engineering,Low,3,2.5,3.0,0.5,True,tight_fit,True,Medium,Timetable,2026-09-12T02:00:00,2026-09-12T05:00:00,1,90.0,Optimal fit with minimal idle window; High backlog age (33 days) boosts priority
TMS-010,TT-SEC-04-20260912-0945,SEC-04,Engineering,Low,3,2.5,3.0,0.5,True,tight_fit,False,Medium,Timetable,2026-09-12T09:45:00,2026-09-12T12:45:00,1,100.0,Optimal fit with minimal idle window; Routine/low severity ideally executed during day shadow slots; High backlog age (33 days) boosts priority
TMS-010,GF-SEC-04-20260912-1245,SEC-04,Engineering,Low,3,2.5,1.5,-1.0,False,insufficient_duration,False,Low,GoodsForecast,2026-09-12T12:45:00,2026-09-12T14:15:00,1,55.0,"Slot duration 1.5h is less than required 2.5h; Routine/low severity ideally executed during day shadow slots; Utilizes dynamic goods cancellation slot, protecting timetable paths; High backlog age (33 days) boosts priority"
TMS-010,TT-SEC-04-20260913-0200,SEC-04,Engineering,Low,3,2.5,3.0,0.5,True,tight_fit,True,Medium,Timetable,2026-09-13T02:00:00,2026-09-13T05:00:00,1,90.0,Optimal fit with minimal idle window; High backlog age (33 days) boosts priority
TMS-010,TT-SEC-04-20260916-0200,SEC-04,Engineering,Low,3,2.5,3.0,0.5,True,tight_fit,True,Medium,Timetable,2026-09-16T02:00:00,2026-09-16T05:00:00,1,90.0,Optimal fit with minimal idle window; High backlog age (33 days) boosts priority
TMS-010,TT-SEC-04-20260920-0200,SEC-04,Engineering,Low,3,2.5,3.0,0.5,True,tight_fit,True,Medium,Timetable,2026-09-20T02:00:00,2026-09-20T05:00:00,1,90.0,Optimal fit with minimal idle window; High backlog age (33 days) boosts priority
TMS-010,TT-SEC-04-20260923-0200,SEC-04,Engineering,Low,3,2.5,3.0,0.5,True,tight_fit,True,Medium,Timetable,2026-09-23T02:00:00,2026-09-23T05:00:00,1,90.0,Optimal fit with minimal idle window; High backlog age (33 days) boosts priority
TMS-010,TT-SEC-04-20260927-0200,SEC-04,Engineering,Low,3,2.5,3.0,0.5,True,tight_fit,True,Medium,Timetable,2026-09-27T02:00:00,2026-09-27T05:00:00,1,90.0,Optimal fit with minimal idle window; High backlog age (33 days) boosts priority
TMS-010,TT-SEC-04-20260930-0200,SEC-04,Engineering,Low,3,2.5,3.0,0.5,True,tight_fit,True,Medium,Timetable,2026-09-30T02:00:00,2026-09-30T05:00:00,1,90.0,Optimal fit with minimal idle window; High backlog age (33 days) boosts priority
TMS-011,TT-SEC-04-20260907-0200,SEC-04,Engineering,Medium,6,3.0,3.0,0.0,True,tight_fit,True,Medium,Timetable,2026-09-07T02:00:00,2026-09-07T05:00:00,1,95.0,Optimal fit with minimal idle window; High backlog age (21 days) boosts priority
TMS-011,TT-SEC-04-20260908-0200,SEC-04,Engineering,Medium,6,3.0,3.0,0.0,True,tight_fit,True,Medium,Timetable,2026-09-08T02:00:00,2026-09-08T05:00:00,1,95.0,Optimal fit with minimal idle window; High backlog age (21 days) boosts priority
TMS-011,TT-SEC-04-20260908-0945,SEC-04,Engineering,Medium,6,3.0,3.0,0.0,True,tight_fit,False,Medium,Timetable,2026-09-08T09:45:00,2026-09-08T12:45:00,1,95.0,Optimal fit with minimal idle window; High backlog age (21 days) boosts priority
TMS-011,TT-SEC-04-20260909-0200,SEC-04,Engineering,Medium,6,3.0,3.0,0.0,True,tight_fit,True,Medium,Timetable,2026-09-09T02:00:00,2026-09-09T05:00:00,1,95.0,Optimal fit with minimal idle window; High backlog age (21 days) boosts priority
TMS-011,TT-SEC-04-20260910-0200,SEC-04,Engineering,Medium,6,3.0,3.0,0.0,True,tight_fit,True,Medium,Timetable,2026-09-10T02:00:00,2026-09-10T05:00:00,1,95.0,Optimal fit with minimal idle window; High backlog age (21 days) boosts priority
TMS-011,TT-SEC-04-20260910-0945,SEC-04,Engineering,Medium,6,3.0,3.0,0.0,True,tight_fit,False,Medium,Timetable,2026-09-10T09:45:00,2026-09-10T12:45:00,1,95.0,Optimal fit with minimal idle window; High backlog age (21 days) boosts priority
TMS-011,TT-SEC-04-20260911-0200,SEC-04,Engineering,Medium,6,3.0,3.0,0.0,True,tight_fit,True,Medium,Timetable,2026-09-11T02:00:00,2026-09-11T05:00:00,1,95.0,Optimal fit with minimal idle window; High backlog age (21 days) boosts priority
TMS-011,TT-SEC-04-20260912-0200,SEC-04,Engineering,Medium,6,3.0,3.0,0.0,True,tight_fit,True,Medium,Timetable,2026-09-12T02:00:00,2026-09-12T05:00:00,1,95.0,Optimal fit with minimal idle window; High backlog age (21 days) boosts priority
TMS-011,TT-SEC-04-20260912-0945,SEC-04,Engineering,Medium,6,3.0,3.0,0.0,True,tight_fit,False,Medium,Timetable,2026-09-12T09:45:00,2026-09-12T12:45:00,1,95.0,Optimal fit with minimal idle window; High backlog age (21 days) boosts priority
TMS-011,GF-SEC-04-20260912-1245,SEC-04,Engineering,Medium,6,3.0,1.5,-1.5,False,insufficient_duration,False,Low,GoodsForecast,2026-09-12T12:45:00,2026-09-12T14:15:00,1,50.0,"Slot duration 1.5h is less than required 3.0h; Utilizes dynamic goods cancellation slot, protecting timetable paths; High backlog age (21 days) boosts priority"
TMS-011,TT-SEC-04-20260913-0200,SEC-04,Engineering,Medium,6,3.0,3.0,0.0,True,tight_fit,True,Medium,Timetable,2026-09-13T02:00:00,2026-09-13T05:00:00,1,95.0,Optimal fit with minimal idle window; High backlog age (21 days) boosts priority
TMS-011,TT-SEC-04-20260916-0200,SEC-04,Engineering,Medium,6,3.0,3.0,0.0,True,tight_fit,True,Medium,Timetable,2026-09-16T02:00:00,2026-09-16T05:00:00,1,95.0,Optimal fit with minimal idle window; High backlog age (21 days) boosts priority
TMS-011,TT-SEC-04-20260920-0200,SEC-04,Engineering,Medium,6,3.0,3.0,0.0,True,tight_fit,True,Medium,Timetable,2026-09-20T02:00:00,2026-09-20T05:00:00,1,95.0,Optimal fit with minimal idle window; High backlog age (21 days) boosts priority
TMS-011,TT-SEC-04-20260923-0200,SEC-04,Engineering,Medium,6,3.0,3.0,0.0,True,tight_fit,True,Medium,Timetable,2026-09-23T02:00:00,2026-09-23T05:00:00,1,95.0,Optimal fit with minimal idle window; High backlog age (21 days) boosts priority
TMS-011,TT-SEC-04-20260927-0200,SEC-04,Engineering,Medium,6,3.0,3.0,0.0,True,tight_fit,True,Medium,Timetable,2026-09-27T02:00:00,2026-09-27T05:00:00,1,95.0,Optimal fit with minimal idle window; High backlog age (21 days) boosts priority
TMS-011,TT-SEC-04-20260930-0200,SEC-04,Engineering,Medium,6,3.0,3.0,0.0,True,tight_fit,True,Medium,Timetable,2026-09-30T02:00:00,2026-09-30T05:00:00,1,95.0,Optimal fit with minimal idle window; High backlog age (21 days) boosts priority
TMS-012,TT-SEC-05-20260907-0020,SEC-05,Engineering,High,9,4.0,3.5,-0.5,False,insufficient_duration,True,High,Timetable,2026-09-07T00:20:00,2026-09-07T03:50:00,2,40.0,Slot duration 3.5h is less than required 4.0h; High criticality matched to safe night corridor
TMS-012,GF-SEC-05-20260907-0350,SEC-05,Engineering,High,9,4.0,1.5,-2.5,False,insufficient_duration,True,Low,GoodsForecast,2026-09-07T03:50:00,2026-09-07T05:20:00,1,50.0,"Slot duration 1.5h is less than required 4.0h; High criticality matched to safe night corridor; Utilizes dynamic goods cancellation slot, protecting timetable paths"
TMS-012,TT-SEC-05-20260908-0020,SEC-05,Engineering,High,9,4.0,3.5,-0.5,False,insufficient_duration,True,High,Timetable,2026-09-08T00:20:00,2026-09-08T03:50:00,2,40.0,Slot duration 3.5h is less than required 4.0h; High criticality matched to safe night corridor
TMS-012,TT-SEC-05-20260909-0020,SEC-05,Engineering,High,9,4.0,3.5,-0.5,False,insufficient_duration,True,High,Timetable,2026-09-09T00:20:00,2026-09-09T03:50:00,2,40.0,Slot duration 3.5h is less than required 4.0h; High criticality matched to safe night corridor
TMS-012,TT-SEC-05-20260910-0020,SEC-05,Engineering,High,9,4.0,3.5,-0.5,False,insufficient_duration,True,High,Timetable,2026-09-10T00:20:00,2026-09-10T03:50:00,2,40.0,Slot duration 3.5h is less than required 4.0h; High criticality matched to safe night corridor
TMS-012,GF-SEC-05-20260910-0350,SEC-05,Engineering,High,9,4.0,1.5,-2.5,False,insufficient_duration,True,Low,GoodsForecast,2026-09-10T03:50:00,2026-09-10T05:20:00,1,50.0,"Slot duration 1.5h is less than required 4.0h; High criticality matched to safe night corridor; Utilizes dynamic goods cancellation slot, protecting timetable paths"
TMS-012,TT-SEC-05-20260911-0020,SEC-05,Engineering,High,9,4.0,3.5,-0.5,False,insufficient_duration,True,High,Timetable,2026-09-11T00:20:00,2026-09-11T03:50:00,2,40.0,Slot duration 3.5h is less than required 4.0h; High criticality matched to safe night corridor
TMS-012,TT-SEC-05-20260912-0020,SEC-05,Engineering,High,9,4.0,3.5,-0.5,False,insufficient_duration,True,High,Timetable,2026-09-12T00:20:00,2026-09-12T03:50:00,2,40.0,Slot duration 3.5h is less than required 4.0h; High criticality matched to safe night corridor
TMS-012,TT-SEC-05-20260913-0020,SEC-05,Engineering,High,9,4.0,4.0,0.0,True,tight_fit,True,High,Timetable,2026-09-13T00:20:00,2026-09-13T04:20:00,2,95.0,Optimal fit with minimal idle window; High criticality matched to safe night corridor
TMS-012,TT-SEC-05-20260916-0020,SEC-05,Engineering,High,9,4.0,3.5,-0.5,False,insufficient_duration,True,High,Timetable,2026-09-16T00:20:00,2026-09-16T03:50:00,2,40.0,Slot duration 3.5h is less than required 4.0h; High criticality matched to safe night corridor
TMS-012,TT-SEC-05-20260920-0020,SEC-05,Engineering,High,9,4.0,4.0,0.0,True,tight_fit,True,High,Timetable,2026-09-20T00:20:00,2026-09-20T04:20:00,2,95.0,Optimal fit with minimal idle window; High criticality matched to safe night corridor
TMS-012,GF-SEC-05-20260921-0350,SEC-05,Engineering,High,9,4.0,1.5,-2.5,False,insufficient_duration,True,Low,GoodsForecast,2026-09-21T03:50:00,2026-09-21T05:20:00,1,50.0,"Slot duration 1.5h is less than required 4.0h; High criticality matched to safe night corridor; Utilizes dynamic goods cancellation slot, protecting timetable paths"
TMS-012,TT-SEC-05-20260923-0020,SEC-05,Engineering,High,9,4.0,3.5,-0.5,False,insufficient_duration,True,High,Timetable,2026-09-23T00:20:00,2026-09-23T03:50:00,2,40.0,Slot duration 3.5h is less than required 4.0h; High criticality matched to safe night corridor
TMS-012,TT-SEC-05-20260927-0020,SEC-05,Engineering,High,9,4.0,4.0,0.0,True,tight_fit,True,High,Timetable,2026-09-27T00:20:00,2026-09-27T04:20:00,2,95.0,Optimal fit with minimal idle window; High criticality matched to safe night corridor
TMS-012,TT-SEC-05-20260930-0020,SEC-05,Engineering,High,9,4.0,3.5,-0.5,False,insufficient_duration,True,High,Timetable,2026-09-30T00:20:00,2026-09-30T03:50:00,2,40.0,Slot duration 3.5h is less than required 4.0h; High criticality matched to safe night corridor
TMS-013,TT-SEC-05-20260907-0020,SEC-05,Engineering,High,10,4.0,3.5,-0.5,False,insufficient_duration,True,High,Timetable,2026-09-07T00:20:00,2026-09-07T03:50:00,2,40.0,Slot duration 3.5h is less than required 4.0h; High criticality matched to safe night corridor
TMS-013,GF-SEC-05-20260907-0350,SEC-05,Engineering,High,10,4.0,1.5,-2.5,False,insufficient_duration,True,Low,GoodsForecast,2026-09-07T03:50:00,2026-09-07T05:20:00,1,50.0,"Slot duration 1.5h is less than required 4.0h; High criticality matched to safe night corridor; Utilizes dynamic goods cancellation slot, protecting timetable paths"
TMS-013,TT-SEC-05-20260908-0020,SEC-05,Engineering,High,10,4.0,3.5,-0.5,False,insufficient_duration,True,High,Timetable,2026-09-08T00:20:00,2026-09-08T03:50:00,2,40.0,Slot duration 3.5h is less than required 4.0h; High criticality matched to safe night corridor
TMS-013,TT-SEC-05-20260909-0020,SEC-05,Engineering,High,10,4.0,3.5,-0.5,False,insufficient_duration,True,High,Timetable,2026-09-09T00:20:00,2026-09-09T03:50:00,2,40.0,Slot duration 3.5h is less than required 4.0h; High criticality matched to safe night corridor
TMS-013,TT-SEC-05-20260910-0020,SEC-05,Engineering,High,10,4.0,3.5,-0.5,False,insufficient_duration,True,High,Timetable,2026-09-10T00:20:00,2026-09-10T03:50:00,2,40.0,Slot duration 3.5h is less than required 4.0h; High criticality matched to safe night corridor
TMS-013,GF-SEC-05-20260910-0350,SEC-05,Engineering,High,10,4.0,1.5,-2.5,False,insufficient_duration,True,Low,GoodsForecast,2026-09-10T03:50:00,2026-09-10T05:20:00,1,50.0,"Slot duration 1.5h is less than required 4.0h; High criticality matched to safe night corridor; Utilizes dynamic goods cancellation slot, protecting timetable paths"
TMS-013,TT-SEC-05-20260911-0020,SEC-05,Engineering,High,10,4.0,3.5,-0.5,False,insufficient_duration,True,High,Timetable,2026-09-11T00:20:00,2026-09-11T03:50:00,2,40.0,Slot duration 3.5h is less than required 4.0h; High criticality matched to safe night corridor
TMS-013,TT-SEC-05-20260912-0020,SEC-05,Engineering,High,10,4.0,3.5,-0.5,False,insufficient_duration,True,High,Timetable,2026-09-12T00:20:00,2026-09-12T03:50:00,2,40.0,Slot duration 3.5h is less than required 4.0h; High criticality matched to safe night corridor
TMS-013,TT-SEC-05-20260913-0020,SEC-05,Engineering,High,10,4.0,4.0,0.0,True,tight_fit,True,High,Timetable,2026-09-13T00:20:00,2026-09-13T04:20:00,2,95.0,Optimal fit with minimal idle window; High criticality matched to safe night corridor
TMS-013,TT-SEC-05-20260916-0020,SEC-05,Engineering,High,10,4.0,3.5,-0.5,False,insufficient_duration,True,High,Timetable,2026-09-16T00:20:00,2026-09-16T03:50:00,2,40.0,Slot duration 3.5h is less than required 4.0h; High criticality matched to safe night corridor
TMS-013,TT-SEC-05-20260920-0020,SEC-05,Engineering,High,10,4.0,4.0,0.0,True,tight_fit,True,High,Timetable,2026-09-20T00:20:00,2026-09-20T04:20:00,2,95.0,Optimal fit with minimal idle window; High criticality matched to safe night corridor
TMS-013,GF-SEC-05-20260921-0350,SEC-05,Engineering,High,10,4.0,1.5,-2.5,False,insufficient_duration,True,Low,GoodsForecast,2026-09-21T03:50:00,2026-09-21T05:20:00,1,50.0,"Slot duration 1.5h is less than required 4.0h; High criticality matched to safe night corridor; Utilizes dynamic goods cancellation slot, protecting timetable paths"
TMS-013,TT-SEC-05-20260923-0020,SEC-05,Engineering,High,10,4.0,3.5,-0.5,False,insufficient_duration,True,High,Timetable,2026-09-23T00:20:00,2026-09-23T03:50:00,2,40.0,Slot duration 3.5h is less than required 4.0h; High criticality matched to safe night corridor
TMS-013,TT-SEC-05-20260927-0020,SEC-05,Engineering,High,10,4.0,4.0,0.0,True,tight_fit,True,High,Timetable,2026-09-27T00:20:00,2026-09-27T04:20:00,2,95.0,Optimal fit with minimal idle window; High criticality matched to safe night corridor
TMS-013,TT-SEC-05-20260930-0020,SEC-05,Engineering,High,10,4.0,3.5,-0.5,False,insufficient_duration,True,High,Timetable,2026-09-30T00:20:00,2026-09-30T03:50:00,2,40.0,Slot duration 3.5h is less than required 4.0h; High criticality matched to safe night corridor
TMS-014,TT-SEC-05-20260907-0020,SEC-05,Engineering,Medium,7,3.5,3.5,0.0,True,tight_fit,True,High,Timetable,2026-09-07T00:20:00,2026-09-07T03:50:00,2,85.0,Optimal fit with minimal idle window
TMS-014,GF-SEC-05-20260907-0350,SEC-05,Engineering,Medium,7,3.5,1.5,-2.0,False,insufficient_duration,True,Low,GoodsForecast,2026-09-07T03:50:00,2026-09-07T05:20:00,1,40.0,"Slot duration 1.5h is less than required 3.5h; Utilizes dynamic goods cancellation slot, protecting timetable paths"
TMS-014,TT-SEC-05-20260908-0020,SEC-05,Engineering,Medium,7,3.5,3.5,0.0,True,tight_fit,True,High,Timetable,2026-09-08T00:20:00,2026-09-08T03:50:00,2,85.0,Optimal fit with minimal idle window
TMS-014,TT-SEC-05-20260909-0020,SEC-05,Engineering,Medium,7,3.5,3.5,0.0,True,tight_fit,True,High,Timetable,2026-09-09T00:20:00,2026-09-09T03:50:00,2,85.0,Optimal fit with minimal idle window
TMS-014,TT-SEC-05-20260910-0020,SEC-05,Engineering,Medium,7,3.5,3.5,0.0,True,tight_fit,True,High,Timetable,2026-09-10T00:20:00,2026-09-10T03:50:00,2,85.0,Optimal fit with minimal idle window
TMS-014,GF-SEC-05-20260910-0350,SEC-05,Engineering,Medium,7,3.5,1.5,-2.0,False,insufficient_duration,True,Low,GoodsForecast,2026-09-10T03:50:00,2026-09-10T05:20:00,1,40.0,"Slot duration 1.5h is less than required 3.5h; Utilizes dynamic goods cancellation slot, protecting timetable paths"
TMS-014,TT-SEC-05-20260911-0020,SEC-05,Engineering,Medium,7,3.5,3.5,0.0,True,tight_fit,True,High,Timetable,2026-09-11T00:20:00,2026-09-11T03:50:00,2,85.0,Optimal fit with minimal idle window
TMS-014,TT-SEC-05-20260912-0020,SEC-05,Engineering,Medium,7,3.5,3.5,0.0,True,tight_fit,True,High,Timetable,2026-09-12T00:20:00,2026-09-12T03:50:00,2,85.0,Optimal fit with minimal idle window
TMS-014,TT-SEC-05-20260913-0020,SEC-05,Engineering,Medium,7,3.5,4.0,0.5,True,tight_fit,True,High,Timetable,2026-09-13T00:20:00,2026-09-13T04:20:00,2,85.0,Optimal fit with minimal idle window
TMS-014,TT-SEC-05-20260916-0020,SEC-05,Engineering,Medium,7,3.5,3.5,0.0,True,tight_fit,True,High,Timetable,2026-09-16T00:20:00,2026-09-16T03:50:00,2,85.0,Optimal fit with minimal idle window
TMS-014,TT-SEC-05-20260920-0020,SEC-05,Engineering,Medium,7,3.5,4.0,0.5,True,tight_fit,True,High,Timetable,2026-09-20T00:20:00,2026-09-20T04:20:00,2,85.0,Optimal fit with minimal idle window
TMS-014,GF-SEC-05-20260921-0350,SEC-05,Engineering,Medium,7,3.5,1.5,-2.0,False,insufficient_duration,True,Low,GoodsForecast,2026-09-21T03:50:00,2026-09-21T05:20:00,1,40.0,"Slot duration 1.5h is less than required 3.5h; Utilizes dynamic goods cancellation slot, protecting timetable paths"
TMS-014,TT-SEC-05-20260923-0020,SEC-05,Engineering,Medium,7,3.5,3.5,0.0,True,tight_fit,True,High,Timetable,2026-09-23T00:20:00,2026-09-23T03:50:00,2,85.0,Optimal fit with minimal idle window
TMS-014,TT-SEC-05-20260927-0020,SEC-05,Engineering,Medium,7,3.5,4.0,0.5,True,tight_fit,True,High,Timetable,2026-09-27T00:20:00,2026-09-27T04:20:00,2,85.0,Optimal fit with minimal idle window
TMS-014,TT-SEC-05-20260930-0020,SEC-05,Engineering,Medium,7,3.5,3.5,0.0,True,tight_fit,True,High,Timetable,2026-09-30T00:20:00,2026-09-30T03:50:00,2,85.0,Optimal fit with minimal idle window
TMS-015,TT-SEC-05-20260907-0020,SEC-05,Engineering,Medium,6,3.5,3.5,0.0,True,tight_fit,True,High,Timetable,2026-09-07T00:20:00,2026-09-07T03:50:00,2,85.0,Optimal fit with minimal idle window
TMS-015,GF-SEC-05-20260907-0350,SEC-05,Engineering,Medium,6,3.5,1.5,-2.0,False,insufficient_duration,True,Low,GoodsForecast,2026-09-07T03:50:00,2026-09-07T05:20:00,1,40.0,"Slot duration 1.5h is less than required 3.5h; Utilizes dynamic goods cancellation slot, protecting timetable paths"
TMS-015,TT-SEC-05-20260908-0020,SEC-05,Engineering,Medium,6,3.5,3.5,0.0,True,tight_fit,True,High,Timetable,2026-09-08T00:20:00,2026-09-08T03:50:00,2,85.0,Optimal fit with minimal idle window
TMS-015,TT-SEC-05-20260909-0020,SEC-05,Engineering,Medium,6,3.5,3.5,0.0,True,tight_fit,True,High,Timetable,2026-09-09T00:20:00,2026-09-09T03:50:00,2,85.0,Optimal fit with minimal idle window
TMS-015,TT-SEC-05-20260910-0020,SEC-05,Engineering,Medium,6,3.5,3.5,0.0,True,tight_fit,True,High,Timetable,2026-09-10T00:20:00,2026-09-10T03:50:00,2,85.0,Optimal fit with minimal idle window
TMS-015,GF-SEC-05-20260910-0350,SEC-05,Engineering,Medium,6,3.5,1.5,-2.0,False,insufficient_duration,True,Low,GoodsForecast,2026-09-10T03:50:00,2026-09-10T05:20:00,1,40.0,"Slot duration 1.5h is less than required 3.5h; Utilizes dynamic goods cancellation slot, protecting timetable paths"
TMS-015,TT-SEC-05-20260911-0020,SEC-05,Engineering,Medium,6,3.5,3.5,0.0,True,tight_fit,True,High,Timetable,2026-09-11T00:20:00,2026-09-11T03:50:00,2,85.0,Optimal fit with minimal idle window
TMS-015,TT-SEC-05-20260912-0020,SEC-05,Engineering,Medium,6,3.5,3.5,0.0,True,tight_fit,True,High,Timetable,2026-09-12T00:20:00,2026-09-12T03:50:00,2,85.0,Optimal fit with minimal idle window
TMS-015,TT-SEC-05-20260913-0020,SEC-05,Engineering,Medium,6,3.5,4.0,0.5,True,tight_fit,True,High,Timetable,2026-09-13T00:20:00,2026-09-13T04:20:00,2,85.0,Optimal fit with minimal idle window
TMS-015,TT-SEC-05-20260916-0020,SEC-05,Engineering,Medium,6,3.5,3.5,0.0,True,tight_fit,True,High,Timetable,2026-09-16T00:20:00,2026-09-16T03:50:00,2,85.0,Optimal fit with minimal idle window
TMS-015,TT-SEC-05-20260920-0020,SEC-05,Engineering,Medium,6,3.5,4.0,0.5,True,tight_fit,True,High,Timetable,2026-09-20T00:20:00,2026-09-20T04:20:00,2,85.0,Optimal fit with minimal idle window
TMS-015,GF-SEC-05-20260921-0350,SEC-05,Engineering,Medium,6,3.5,1.5,-2.0,False,insufficient_duration,True,Low,GoodsForecast,2026-09-21T03:50:00,2026-09-21T05:20:00,1,40.0,"Slot duration 1.5h is less than required 3.5h; Utilizes dynamic goods cancellation slot, protecting timetable paths"
TMS-015,TT-SEC-05-20260923-0020,SEC-05,Engineering,Medium,6,3.5,3.5,0.0,True,tight_fit,True,High,Timetable,2026-09-23T00:20:00,2026-09-23T03:50:00,2,85.0,Optimal fit with minimal idle window
TMS-015,TT-SEC-05-20260927-0020,SEC-05,Engineering,Medium,6,3.5,4.0,0.5,True,tight_fit,True,High,Timetable,2026-09-27T00:20:00,2026-09-27T04:20:00,2,85.0,Optimal fit with minimal idle window
TMS-015,TT-SEC-05-20260930-0020,SEC-05,Engineering,Medium,6,3.5,3.5,0.0,True,tight_fit,True,High,Timetable,2026-09-30T00:20:00,2026-09-30T03:50:00,2,85.0,Optimal fit with minimal idle window
TMS-016,TT-SEC-02-20260907-0110,SEC-02,Engineering,Medium,7,3.5,3.17,-0.33,False,insufficient_duration,True,High,Timetable,2026-09-07T01:10:00,2026-09-07T04:20:00,1,40.0,Slot duration 3.17h is less than required 3.5h; High backlog age (27 days) boosts priority
TMS-016,TT-SEC-02-20260908-0110,SEC-02,Engineering,Medium,7,3.5,3.17,-0.33,False,insufficient_duration,True,High,Timetable,2026-09-08T01:10:00,2026-09-08T04:20:00,1,40.0,Slot duration 3.17h is less than required 3.5h; High backlog age (27 days) boosts priority
TMS-016,TT-SEC-02-20260909-0110,SEC-02,Engineering,Medium,7,3.5,3.17,-0.33,False,insufficient_duration,True,High,Timetable,2026-09-09T01:10:00,2026-09-09T04:20:00,1,40.0,Slot duration 3.17h is less than required 3.5h; High backlog age (27 days) boosts priority
TMS-016,GF-SEC-02-20260909-0420,SEC-02,Engineering,Medium,7,3.5,1.5,-2.0,False,insufficient_duration,True,Low,GoodsForecast,2026-09-09T04:20:00,2026-09-09T05:50:00,1,50.0,"Slot duration 1.5h is less than required 3.5h; Utilizes dynamic goods cancellation slot, protecting timetable paths; High backlog age (27 days) boosts priority"
TMS-016,TT-SEC-02-20260910-0110,SEC-02,Engineering,Medium,7,3.5,3.17,-0.33,False,insufficient_duration,True,High,Timetable,2026-09-10T01:10:00,2026-09-10T04:20:00,1,40.0,Slot duration 3.17h is less than required 3.5h; High backlog age (27 days) boosts priority
TMS-016,TT-SEC-02-20260911-0110,SEC-02,Engineering,Medium,7,3.5,3.17,-0.33,False,insufficient_duration,True,High,Timetable,2026-09-11T01:10:00,2026-09-11T04:20:00,1,40.0,Slot duration 3.17h is less than required 3.5h; High backlog age (27 days) boosts priority
TMS-016,GF-SEC-02-20260911-0420,SEC-02,Engineering,Medium,7,3.5,1.5,-2.0,False,insufficient_duration,True,Low,GoodsForecast,2026-09-11T04:20:00,2026-09-11T05:50:00,1,50.0,"Slot duration 1.5h is less than required 3.5h; Utilizes dynamic goods cancellation slot, protecting timetable paths; High backlog age (27 days) boosts priority"
TMS-016,TT-SEC-02-20260912-0110,SEC-02,Engineering,Medium,7,3.5,3.17,-0.33,False,insufficient_duration,True,High,Timetable,2026-09-12T01:10:00,2026-09-12T04:20:00,1,40.0,Slot duration 3.17h is less than required 3.5h; High backlog age (27 days) boosts priority
TMS-016,TT-SEC-02-20260913-0110,SEC-02,Engineering,Medium,7,3.5,3.67,0.17,True,tight_fit,True,High,Timetable,2026-09-13T01:10:00,2026-09-13T04:50:00,2,95.0,Optimal fit with minimal idle window; High backlog age (27 days) boosts priority
TMS-016,TT-SEC-02-20260916-0110,SEC-02,Engineering,Medium,7,3.5,3.17,-0.33,False,insufficient_duration,True,High,Timetable,2026-09-16T01:10:00,2026-09-16T04:20:00,1,40.0,Slot duration 3.17h is less than required 3.5h; High backlog age (27 days) boosts priority
TMS-016,GF-SEC-02-20260918-0420,SEC-02,Engineering,Medium,7,3.5,1.5,-2.0,False,insufficient_duration,True,Low,GoodsForecast,2026-09-18T04:20:00,2026-09-18T05:50:00,1,50.0,"Slot duration 1.5h is less than required 3.5h; Utilizes dynamic goods cancellation slot, protecting timetable paths; High backlog age (27 days) boosts priority"
TMS-016,TT-SEC-02-20260920-0110,SEC-02,Engineering,Medium,7,3.5,3.67,0.17,True,tight_fit,True,High,Timetable,2026-09-20T01:10:00,2026-09-20T04:50:00,2,95.0,Optimal fit with minimal idle window; High backlog age (27 days) boosts priority
TMS-016,TT-SEC-02-20260923-0110,SEC-02,Engineering,Medium,7,3.5,3.17,-0.33,False,insufficient_duration,True,High,Timetable,2026-09-23T01:10:00,2026-09-23T04:20:00,1,40.0,Slot duration 3.17h is less than required 3.5h; High backlog age (27 days) boosts priority
TMS-016,TT-SEC-02-20260927-0110,SEC-02,Engineering,Medium,7,3.5,3.67,0.17,True,tight_fit,True,High,Timetable,2026-09-27T01:10:00,2026-09-27T04:50:00,2,95.0,Optimal fit with minimal idle window; High backlog age (27 days) boosts priority
TMS-016,TT-SEC-02-20260930-0110,SEC-02,Engineering,Medium,7,3.5,3.17,-0.33,False,insufficient_duration,True,High,Timetable,2026-09-30T01:10:00,2026-09-30T04:20:00,1,40.0,Slot duration 3.17h is less than required 3.5h; High backlog age (27 days) boosts priority
TMS-017,TT-SEC-01-20260907-0040,SEC-01,Engineering,Low,3,3.0,3.5,0.5,True,tight_fit,True,High,Timetable,2026-09-07T00:40:00,2026-09-07T04:10:00,2,90.0,Optimal fit with minimal idle window; High backlog age (38 days) boosts priority
TMS-017,TT-SEC-01-20260908-0040,SEC-01,Engineering,Low,3,3.0,3.5,0.5,True,tight_fit,True,High,Timetable,2026-09-08T00:40:00,2026-09-08T04:10:00,2,90.0,Optimal fit with minimal idle window; High backlog age (38 days) boosts priority
TMS-017,GF-SEC-01-20260908-0410,SEC-01,Engineering,Low,3,3.0,1.5,-1.5,False,insufficient_duration,True,Low,GoodsForecast,2026-09-08T04:10:00,2026-09-08T05:40:00,1,45.0,"Slot duration 1.5h is less than required 3.0h; Utilizes dynamic goods cancellation slot, protecting timetable paths; High backlog age (38 days) boosts priority"
TMS-017,TT-SEC-01-20260909-0040,SEC-01,Engineering,Low,3,3.0,3.5,0.5,True,tight_fit,True,High,Timetable,2026-09-09T00:40:00,2026-09-09T04:10:00,2,90.0,Optimal fit with minimal idle window; High backlog age (38 days) boosts priority
TMS-017,TT-SEC-01-20260910-0040,SEC-01,Engineering,Low,3,3.0,3.5,0.5,True,tight_fit,True,High,Timetable,2026-09-10T00:40:00,2026-09-10T04:10:00,2,90.0,Optimal fit with minimal idle window; High backlog age (38 days) boosts priority
TMS-017,GF-SEC-01-20260910-0410,SEC-01,Engineering,Low,3,3.0,1.5,-1.5,False,insufficient_duration,True,Low,GoodsForecast,2026-09-10T04:10:00,2026-09-10T05:40:00,1,45.0,"Slot duration 1.5h is less than required 3.0h; Utilizes dynamic goods cancellation slot, protecting timetable paths; High backlog age (38 days) boosts priority"
TMS-017,TT-SEC-01-20260911-0040,SEC-01,Engineering,Low,3,3.0,3.5,0.5,True,tight_fit,True,High,Timetable,2026-09-11T00:40:00,2026-09-11T04:10:00,2,90.0,Optimal fit with minimal idle window; High backlog age (38 days) boosts priority
TMS-017,TT-SEC-01-20260912-0040,SEC-01,Engineering,Low,3,3.0,3.5,0.5,True,tight_fit,True,High,Timetable,2026-09-12T00:40:00,2026-09-12T04:10:00,2,90.0,Optimal fit with minimal idle window; High backlog age (38 days) boosts priority
TMS-017,GF-SEC-01-20260912-0410,SEC-01,Engineering,Low,3,3.0,1.5,-1.5,False,insufficient_duration,True,Low,GoodsForecast,2026-09-12T04:10:00,2026-09-12T05:40:00,1,45.0,"Slot duration 1.5h is less than required 3.0h; Utilizes dynamic goods cancellation slot, protecting timetable paths; High backlog age (38 days) boosts priority"
TMS-017,TT-SEC-01-20260913-0040,SEC-01,Engineering,Low,3,3.0,4.0,1.0,True,comfortable_fit,True,High,Timetable,2026-09-13T00:40:00,2026-09-13T04:40:00,2,85.0,Adequate buffer for setup and clearance; High backlog age (38 days) boosts priority
TMS-017,TT-SEC-01-20260916-0040,SEC-01,Engineering,Low,3,3.0,3.5,0.5,True,tight_fit,True,High,Timetable,2026-09-16T00:40:00,2026-09-16T04:10:00,2,90.0,Optimal fit with minimal idle window; High backlog age (38 days) boosts priority
TMS-017,GF-SEC-01-20260916-0410,SEC-01,Engineering,Low,3,3.0,1.5,-1.5,False,insufficient_duration,True,Low,GoodsForecast,2026-09-16T04:10:00,2026-09-16T05:40:00,1,45.0,"Slot duration 1.5h is less than required 3.0h; Utilizes dynamic goods cancellation slot, protecting timetable paths; High backlog age (38 days) boosts priority"
TMS-017,TT-SEC-01-20260920-0040,SEC-01,Engineering,Low,3,3.0,4.0,1.0,True,comfortable_fit,True,High,Timetable,2026-09-20T00:40:00,2026-09-20T04:40:00,2,85.0,Adequate buffer for setup and clearance; High backlog age (38 days) boosts priority
TMS-017,TT-SEC-01-20260923-0040,SEC-01,Engineering,Low,3,3.0,3.5,0.5,True,tight_fit,True,High,Timetable,2026-09-23T00:40:00,2026-09-23T04:10:00,2,90.0,Optimal fit with minimal idle window; High backlog age (38 days) boosts priority
TMS-017,GF-SEC-01-20260923-0410,SEC-01,Engineering,Low,3,3.0,1.5,-1.5,False,insufficient_duration,True,Low,GoodsForecast,2026-09-23T04:10:00,2026-09-23T05:40:00,1,45.0,"Slot duration 1.5h is less than required 3.0h; Utilizes dynamic goods cancellation slot, protecting timetable paths; High backlog age (38 days) boosts priority"
TMS-017,TT-SEC-01-20260927-0040,SEC-01,Engineering,Low,3,3.0,4.0,1.0,True,comfortable_fit,True,High,Timetable,2026-09-27T00:40:00,2026-09-27T04:40:00,2,85.0,Adequate buffer for setup and clearance; High backlog age (38 days) boosts priority
TMS-017,TT-SEC-01-20260930-0040,SEC-01,Engineering,Low,3,3.0,3.5,0.5,True,tight_fit,True,High,Timetable,2026-09-30T00:40:00,2026-09-30T04:10:00,2,90.0,Optimal fit with minimal idle window; High backlog age (38 days) boosts priority
TMS-018,TT-SEC-03-20260907-0130,SEC-03,Engineering,Low,4,3.0,3.0,0.0,True,tight_fit,True,Medium,Timetable,2026-09-07T01:30:00,2026-09-07T04:30:00,1,90.0,Optimal fit with minimal idle window; High backlog age (45 days) boosts priority
TMS-018,TT-SEC-03-20260907-1030,SEC-03,Engineering,Low,4,3.0,2.5,-0.5,False,insufficient_duration,False,Medium,Timetable,2026-09-07T10:30:00,2026-09-07T13:00:00,1,45.0,Slot duration 2.5h is less than required 3.0h; Routine/low severity ideally executed during day shadow slots; High backlog age (45 days) boosts priority
TMS-018,TT-SEC-03-20260908-0130,SEC-03,Engineering,Low,4,3.0,3.0,0.0,True,tight_fit,True,Medium,Timetable,2026-09-08T01:30:00,2026-09-08T04:30:00,1,90.0,Optimal fit with minimal idle window; High backlog age (45 days) boosts priority
TMS-018,TT-SEC-03-20260909-0130,SEC-03,Engineering,Low,4,3.0,3.0,0.0,True,tight_fit,True,Medium,Timetable,2026-09-09T01:30:00,2026-09-09T04:30:00,1,90.0,Optimal fit with minimal idle window; High backlog age (45 days) boosts priority
TMS-018,TT-SEC-03-20260909-1030,SEC-03,Engineering,Low,4,3.0,2.5,-0.5,False,insufficient_duration,False,Medium,Timetable,2026-09-09T10:30:00,2026-09-09T13:00:00,1,45.0,Slot duration 2.5h is less than required 3.0h; Routine/low severity ideally executed during day shadow slots; High backlog age (45 days) boosts priority
TMS-018,TT-SEC-03-20260910-0130,SEC-03,Engineering,Low,4,3.0,3.0,0.0,True,tight_fit,True,Medium,Timetable,2026-09-10T01:30:00,2026-09-10T04:30:00,1,90.0,Optimal fit with minimal idle window; High backlog age (45 days) boosts priority
TMS-018,TT-SEC-03-20260911-0130,SEC-03,Engineering,Low,4,3.0,3.0,0.0,True,tight_fit,True,Medium,Timetable,2026-09-11T01:30:00,2026-09-11T04:30:00,1,90.0,Optimal fit with minimal idle window; High backlog age (45 days) boosts priority
TMS-018,TT-SEC-03-20260911-1030,SEC-03,Engineering,Low,4,3.0,2.5,-0.5,False,insufficient_duration,False,Medium,Timetable,2026-09-11T10:30:00,2026-09-11T13:00:00,1,45.0,Slot duration 2.5h is less than required 3.0h; Routine/low severity ideally executed during day shadow slots; High backlog age (45 days) boosts priority
TMS-018,GF-SEC-03-20260911-1300,SEC-03,Engineering,Low,4,3.0,1.5,-1.5,False,insufficient_duration,False,Low,GoodsForecast,2026-09-11T13:00:00,2026-09-11T14:30:00,1,55.0,"Slot duration 1.5h is less than required 3.0h; Routine/low severity ideally executed during day shadow slots; Utilizes dynamic goods cancellation slot, protecting timetable paths; High backlog age (45 days) boosts priority"
TMS-018,TT-SEC-03-20260912-0130,SEC-03,Engineering,Low,4,3.0,3.0,0.0,True,tight_fit,True,Medium,Timetable,2026-09-12T01:30:00,2026-09-12T04:30:00,1,90.0,Optimal fit with minimal idle window; High backlog age (45 days) boosts priority
TMS-018,TT-SEC-03-20260913-0130,SEC-03,Engineering,Low,4,3.0,3.0,0.0,True,tight_fit,True,Medium,Timetable,2026-09-13T01:30:00,2026-09-13T04:30:00,1,90.0,Optimal fit with minimal idle window; High backlog age (45 days) boosts priority
TMS-018,TT-SEC-03-20260913-1030,SEC-03,Engineering,Low,4,3.0,2.5,-0.5,False,insufficient_duration,False,Medium,Timetable,2026-09-13T10:30:00,2026-09-13T13:00:00,1,45.0,Slot duration 2.5h is less than required 3.0h; Routine/low severity ideally executed during day shadow slots; High backlog age (45 days) boosts priority
TMS-018,TT-SEC-03-20260916-0130,SEC-03,Engineering,Low,4,3.0,3.0,0.0,True,tight_fit,True,Medium,Timetable,2026-09-16T01:30:00,2026-09-16T04:30:00,1,90.0,Optimal fit with minimal idle window; High backlog age (45 days) boosts priority
TMS-018,TT-SEC-03-20260920-0130,SEC-03,Engineering,Low,4,3.0,3.0,0.0,True,tight_fit,True,Medium,Timetable,2026-09-20T01:30:00,2026-09-20T04:30:00,1,90.0,Optimal fit with minimal idle window; High backlog age (45 days) boosts priority
TMS-018,TT-SEC-03-20260920-1030,SEC-03,Engineering,Low,4,3.0,2.5,-0.5,False,insufficient_duration,False,Medium,Timetable,2026-09-20T10:30:00,2026-09-20T13:00:00,1,45.0,Slot duration 2.5h is less than required 3.0h; Routine/low severity ideally executed during day shadow slots; High backlog age (45 days) boosts priority
TMS-018,TT-SEC-03-20260923-0130,SEC-03,Engineering,Low,4,3.0,3.0,0.0,True,tight_fit,True,Medium,Timetable,2026-09-23T01:30:00,2026-09-23T04:30:00,1,90.0,Optimal fit with minimal idle window; High backlog age (45 days) boosts priority
TMS-018,TT-SEC-03-20260927-0130,SEC-03,Engineering,Low,4,3.0,3.0,0.0,True,tight_fit,True,Medium,Timetable,2026-09-27T01:30:00,2026-09-27T04:30:00,1,90.0,Optimal fit with minimal idle window; High backlog age (45 days) boosts priority
TMS-018,TT-SEC-03-20260927-1030,SEC-03,Engineering,Low,4,3.0,2.5,-0.5,False,insufficient_duration,False,Medium,Timetable,2026-09-27T10:30:00,2026-09-27T13:00:00,1,45.0,Slot duration 2.5h is less than required 3.0h; Routine/low severity ideally executed during day shadow slots; High backlog age (45 days) boosts priority
TMS-018,TT-SEC-03-20260930-0130,SEC-03,Engineering,Low,4,3.0,3.0,0.0,True,tight_fit,True,Medium,Timetable,2026-09-30T01:30:00,2026-09-30T04:30:00,1,90.0,Optimal fit with minimal idle window; High backlog age (45 days) boosts priority
TMS-019,TT-SEC-03-20260907-0130,SEC-03,Engineering,High,9,3.0,3.0,0.0,True,tight_fit,True,Medium,Timetable,2026-09-07T01:30:00,2026-09-07T04:30:00,1,95.0,Optimal fit with minimal idle window; High criticality matched to safe night corridor
TMS-019,TT-SEC-03-20260907-1030,SEC-03,Engineering,High,9,3.0,2.5,-0.5,False,insufficient_duration,False,Medium,Timetable,2026-09-07T10:30:00,2026-09-07T13:00:00,1,25.0,Slot duration 2.5h is less than required 3.0h; Day shadow window on medium density line
TMS-019,TT-SEC-03-20260908-0130,SEC-03,Engineering,High,9,3.0,3.0,0.0,True,tight_fit,True,Medium,Timetable,2026-09-08T01:30:00,2026-09-08T04:30:00,1,95.0,Optimal fit with minimal idle window; High criticality matched to safe night corridor
TMS-019,TT-SEC-03-20260909-0130,SEC-03,Engineering,High,9,3.0,3.0,0.0,True,tight_fit,True,Medium,Timetable,2026-09-09T01:30:00,2026-09-09T04:30:00,1,95.0,Optimal fit with minimal idle window; High criticality matched to safe night corridor
TMS-019,TT-SEC-03-20260909-1030,SEC-03,Engineering,High,9,3.0,2.5,-0.5,False,insufficient_duration,False,Medium,Timetable,2026-09-09T10:30:00,2026-09-09T13:00:00,1,25.0,Slot duration 2.5h is less than required 3.0h; Day shadow window on medium density line
TMS-019,TT-SEC-03-20260910-0130,SEC-03,Engineering,High,9,3.0,3.0,0.0,True,tight_fit,True,Medium,Timetable,2026-09-10T01:30:00,2026-09-10T04:30:00,1,95.0,Optimal fit with minimal idle window; High criticality matched to safe night corridor
TMS-019,TT-SEC-03-20260911-0130,SEC-03,Engineering,High,9,3.0,3.0,0.0,True,tight_fit,True,Medium,Timetable,2026-09-11T01:30:00,2026-09-11T04:30:00,1,95.0,Optimal fit with minimal idle window; High criticality matched to safe night corridor
TMS-019,TT-SEC-03-20260911-1030,SEC-03,Engineering,High,9,3.0,2.5,-0.5,False,insufficient_duration,False,Medium,Timetable,2026-09-11T10:30:00,2026-09-11T13:00:00,1,25.0,Slot duration 2.5h is less than required 3.0h; Day shadow window on medium density line
TMS-019,GF-SEC-03-20260911-1300,SEC-03,Engineering,High,9,3.0,1.5,-1.5,False,insufficient_duration,False,Low,GoodsForecast,2026-09-11T13:00:00,2026-09-11T14:30:00,1,35.0,"Slot duration 1.5h is less than required 3.0h; Day shadow window on medium density line; Utilizes dynamic goods cancellation slot, protecting timetable paths"
TMS-019,TT-SEC-03-20260912-0130,SEC-03,Engineering,High,9,3.0,3.0,0.0,True,tight_fit,True,Medium,Timetable,2026-09-12T01:30:00,2026-09-12T04:30:00,1,95.0,Optimal fit with minimal idle window; High criticality matched to safe night corridor
TMS-019,TT-SEC-03-20260913-0130,SEC-03,Engineering,High,9,3.0,3.0,0.0,True,tight_fit,True,Medium,Timetable,2026-09-13T01:30:00,2026-09-13T04:30:00,1,95.0,Optimal fit with minimal idle window; High criticality matched to safe night corridor
TMS-019,TT-SEC-03-20260913-1030,SEC-03,Engineering,High,9,3.0,2.5,-0.5,False,insufficient_duration,False,Medium,Timetable,2026-09-13T10:30:00,2026-09-13T13:00:00,1,25.0,Slot duration 2.5h is less than required 3.0h; Day shadow window on medium density line
TMS-019,TT-SEC-03-20260916-0130,SEC-03,Engineering,High,9,3.0,3.0,0.0,True,tight_fit,True,Medium,Timetable,2026-09-16T01:30:00,2026-09-16T04:30:00,1,95.0,Optimal fit with minimal idle window; High criticality matched to safe night corridor
TMS-019,TT-SEC-03-20260920-0130,SEC-03,Engineering,High,9,3.0,3.0,0.0,True,tight_fit,True,Medium,Timetable,2026-09-20T01:30:00,2026-09-20T04:30:00,1,95.0,Optimal fit with minimal idle window; High criticality matched to safe night corridor
TMS-019,TT-SEC-03-20260920-1030,SEC-03,Engineering,High,9,3.0,2.5,-0.5,False,insufficient_duration,False,Medium,Timetable,2026-09-20T10:30:00,2026-09-20T13:00:00,1,25.0,Slot duration 2.5h is less than required 3.0h; Day shadow window on medium density line
TMS-019,TT-SEC-03-20260923-0130,SEC-03,Engineering,High,9,3.0,3.0,0.0,True,tight_fit,True,Medium,Timetable,2026-09-23T01:30:00,2026-09-23T04:30:00,1,95.0,Optimal fit with minimal idle window; High criticality matched to safe night corridor
TMS-019,TT-SEC-03-20260927-0130,SEC-03,Engineering,High,9,3.0,3.0,0.0,True,tight_fit,True,Medium,Timetable,2026-09-27T01:30:00,2026-09-27T04:30:00,1,95.0,Optimal fit with minimal idle window; High criticality matched to safe night corridor
TMS-019,TT-SEC-03-20260927-1030,SEC-03,Engineering,High,9,3.0,2.5,-0.5,False,insufficient_duration,False,Medium,Timetable,2026-09-27T10:30:00,2026-09-27T13:00:00,1,25.0,Slot duration 2.5h is less than required 3.0h; Day shadow window on medium density line
TMS-019,TT-SEC-03-20260930-0130,SEC-03,Engineering,High,9,3.0,3.0,0.0,True,tight_fit,True,Medium,Timetable,2026-09-30T01:30:00,2026-09-30T04:30:00,1,95.0,Optimal fit with minimal idle window; High criticality matched to safe night corridor
TMS-020,TT-SEC-01-20260907-0040,SEC-01,Engineering,Medium,5,3.5,3.5,0.0,True,tight_fit,True,High,Timetable,2026-09-07T00:40:00,2026-09-07T04:10:00,2,85.0,Optimal fit with minimal idle window
TMS-020,TT-SEC-01-20260908-0040,SEC-01,Engineering,Medium,5,3.5,3.5,0.0,True,tight_fit,True,High,Timetable,2026-09-08T00:40:00,2026-09-08T04:10:00,2,85.0,Optimal fit with minimal idle window
TMS-020,GF-SEC-01-20260908-0410,SEC-01,Engineering,Medium,5,3.5,1.5,-2.0,False,insufficient_duration,True,Low,GoodsForecast,2026-09-08T04:10:00,2026-09-08T05:40:00,1,40.0,"Slot duration 1.5h is less than required 3.5h; Utilizes dynamic goods cancellation slot, protecting timetable paths"
TMS-020,TT-SEC-01-20260909-0040,SEC-01,Engineering,Medium,5,3.5,3.5,0.0,True,tight_fit,True,High,Timetable,2026-09-09T00:40:00,2026-09-09T04:10:00,2,85.0,Optimal fit with minimal idle window
TMS-020,TT-SEC-01-20260910-0040,SEC-01,Engineering,Medium,5,3.5,3.5,0.0,True,tight_fit,True,High,Timetable,2026-09-10T00:40:00,2026-09-10T04:10:00,2,85.0,Optimal fit with minimal idle window
TMS-020,GF-SEC-01-20260910-0410,SEC-01,Engineering,Medium,5,3.5,1.5,-2.0,False,insufficient_duration,True,Low,GoodsForecast,2026-09-10T04:10:00,2026-09-10T05:40:00,1,40.0,"Slot duration 1.5h is less than required 3.5h; Utilizes dynamic goods cancellation slot, protecting timetable paths"
TMS-020,TT-SEC-01-20260911-0040,SEC-01,Engineering,Medium,5,3.5,3.5,0.0,True,tight_fit,True,High,Timetable,2026-09-11T00:40:00,2026-09-11T04:10:00,2,85.0,Optimal fit with minimal idle window
TMS-020,TT-SEC-01-20260912-0040,SEC-01,Engineering,Medium,5,3.5,3.5,0.0,True,tight_fit,True,High,Timetable,2026-09-12T00:40:00,2026-09-12T04:10:00,2,85.0,Optimal fit with minimal idle window
TMS-020,GF-SEC-01-20260912-0410,SEC-01,Engineering,Medium,5,3.5,1.5,-2.0,False,insufficient_duration,True,Low,GoodsForecast,2026-09-12T04:10:00,2026-09-12T05:40:00,1,40.0,"Slot duration 1.5h is less than required 3.5h; Utilizes dynamic goods cancellation slot, protecting timetable paths"
TMS-020,TT-SEC-01-20260913-0040,SEC-01,Engineering,Medium,5,3.5,4.0,0.5,True,tight_fit,True,High,Timetable,2026-09-13T00:40:00,2026-09-13T04:40:00,2,85.0,Optimal fit with minimal idle window
TMS-020,TT-SEC-01-20260916-0040,SEC-01,Engineering,Medium,5,3.5,3.5,0.0,True,tight_fit,True,High,Timetable,2026-09-16T00:40:00,2026-09-16T04:10:00,2,85.0,Optimal fit with minimal idle window
TMS-020,GF-SEC-01-20260916-0410,SEC-01,Engineering,Medium,5,3.5,1.5,-2.0,False,insufficient_duration,True,Low,GoodsForecast,2026-09-16T04:10:00,2026-09-16T05:40:00,1,40.0,"Slot duration 1.5h is less than required 3.5h; Utilizes dynamic goods cancellation slot, protecting timetable paths"
TMS-020,TT-SEC-01-20260920-0040,SEC-01,Engineering,Medium,5,3.5,4.0,0.5,True,tight_fit,True,High,Timetable,2026-09-20T00:40:00,2026-09-20T04:40:00,2,85.0,Optimal fit with minimal idle window
TMS-020,TT-SEC-01-20260923-0040,SEC-01,Engineering,Medium,5,3.5,3.5,0.0,True,tight_fit,True,High,Timetable,2026-09-23T00:40:00,2026-09-23T04:10:00,2,85.0,Optimal fit with minimal idle window
TMS-020,GF-SEC-01-20260923-0410,SEC-01,Engineering,Medium,5,3.5,1.5,-2.0,False,insufficient_duration,True,Low,GoodsForecast,2026-09-23T04:10:00,2026-09-23T05:40:00,1,40.0,"Slot duration 1.5h is less than required 3.5h; Utilizes dynamic goods cancellation slot, protecting timetable paths"
TMS-020,TT-SEC-01-20260927-0040,SEC-01,Engineering,Medium,5,3.5,4.0,0.5,True,tight_fit,True,High,Timetable,2026-09-27T00:40:00,2026-09-27T04:40:00,2,85.0,Optimal fit with minimal idle window
TMS-020,TT-SEC-01-20260930-0040,SEC-01,Engineering,Medium,5,3.5,3.5,0.0,True,tight_fit,True,High,Timetable,2026-09-30T00:40:00,2026-09-30T04:10:00,2,85.0,Optimal fit with minimal idle window
TMS-021,TT-SEC-05-20260907-0020,SEC-05,Engineering,High,8,3.5,3.5,0.0,True,tight_fit,True,High,Timetable,2026-09-07T00:20:00,2026-09-07T03:50:00,2,95.0,Optimal fit with minimal idle window; High criticality matched to safe night corridor
TMS-021,GF-SEC-05-20260907-0350,SEC-05,Engineering,High,8,3.5,1.5,-2.0,False,insufficient_duration,True,Low,GoodsForecast,2026-09-07T03:50:00,2026-09-07T05:20:00,1,50.0,"Slot duration 1.5h is less than required 3.5h; High criticality matched to safe night corridor; Utilizes dynamic goods cancellation slot, protecting timetable paths"
TMS-021,TT-SEC-05-20260908-0020,SEC-05,Engineering,High,8,3.5,3.5,0.0,True,tight_fit,True,High,Timetable,2026-09-08T00:20:00,2026-09-08T03:50:00,2,95.0,Optimal fit with minimal idle window; High criticality matched to safe night corridor
TMS-021,TT-SEC-05-20260909-0020,SEC-05,Engineering,High,8,3.5,3.5,0.0,True,tight_fit,True,High,Timetable,2026-09-09T00:20:00,2026-09-09T03:50:00,2,95.0,Optimal fit with minimal idle window; High criticality matched to safe night corridor
TMS-021,TT-SEC-05-20260910-0020,SEC-05,Engineering,High,8,3.5,3.5,0.0,True,tight_fit,True,High,Timetable,2026-09-10T00:20:00,2026-09-10T03:50:00,2,95.0,Optimal fit with minimal idle window; High criticality matched to safe night corridor
TMS-021,GF-SEC-05-20260910-0350,SEC-05,Engineering,High,8,3.5,1.5,-2.0,False,insufficient_duration,True,Low,GoodsForecast,2026-09-10T03:50:00,2026-09-10T05:20:00,1,50.0,"Slot duration 1.5h is less than required 3.5h; High criticality matched to safe night corridor; Utilizes dynamic goods cancellation slot, protecting timetable paths"
TMS-021,TT-SEC-05-20260911-0020,SEC-05,Engineering,High,8,3.5,3.5,0.0,True,tight_fit,True,High,Timetable,2026-09-11T00:20:00,2026-09-11T03:50:00,2,95.0,Optimal fit with minimal idle window; High criticality matched to safe night corridor
TMS-021,TT-SEC-05-20260912-0020,SEC-05,Engineering,High,8,3.5,3.5,0.0,True,tight_fit,True,High,Timetable,2026-09-12T00:20:00,2026-09-12T03:50:00,2,95.0,Optimal fit with minimal idle window; High criticality matched to safe night corridor
TMS-021,TT-SEC-05-20260913-0020,SEC-05,Engineering,High,8,3.5,4.0,0.5,True,tight_fit,True,High,Timetable,2026-09-13T00:20:00,2026-09-13T04:20:00,2,95.0,Optimal fit with minimal idle window; High criticality matched to safe night corridor
TMS-021,TT-SEC-05-20260916-0020,SEC-05,Engineering,High,8,3.5,3.5,0.0,True,tight_fit,True,High,Timetable,2026-09-16T00:20:00,2026-09-16T03:50:00,2,95.0,Optimal fit with minimal idle window; High criticality matched to safe night corridor
TMS-021,TT-SEC-05-20260920-0020,SEC-05,Engineering,High,8,3.5,4.0,0.5,True,tight_fit,True,High,Timetable,2026-09-20T00:20:00,2026-09-20T04:20:00,2,95.0,Optimal fit with minimal idle window; High criticality matched to safe night corridor
TMS-021,GF-SEC-05-20260921-0350,SEC-05,Engineering,High,8,3.5,1.5,-2.0,False,insufficient_duration,True,Low,GoodsForecast,2026-09-21T03:50:00,2026-09-21T05:20:00,1,50.0,"Slot duration 1.5h is less than required 3.5h; High criticality matched to safe night corridor; Utilizes dynamic goods cancellation slot, protecting timetable paths"
TMS-021,TT-SEC-05-20260923-0020,SEC-05,Engineering,High,8,3.5,3.5,0.0,True,tight_fit,True,High,Timetable,2026-09-23T00:20:00,2026-09-23T03:50:00,2,95.0,Optimal fit with minimal idle window; High criticality matched to safe night corridor
TMS-021,TT-SEC-05-20260927-0020,SEC-05,Engineering,High,8,3.5,4.0,0.5,True,tight_fit,True,High,Timetable,2026-09-27T00:20:00,2026-09-27T04:20:00,2,95.0,Optimal fit with minimal idle window; High criticality matched to safe night corridor
TMS-021,TT-SEC-05-20260930-0020,SEC-05,Engineering,High,8,3.5,3.5,0.0,True,tight_fit,True,High,Timetable,2026-09-30T00:20:00,2026-09-30T03:50:00,2,95.0,Optimal fit with minimal idle window; High criticality matched to safe night corridor
TMS-022,TT-SEC-01-20260907-0040,SEC-01,Engineering,Low,4,2.5,3.5,1.0,True,comfortable_fit,True,High,Timetable,2026-09-07T00:40:00,2026-09-07T04:10:00,2,85.0,Adequate buffer for setup and clearance; High backlog age (29 days) boosts priority
TMS-022,TT-SEC-01-20260908-0040,SEC-01,Engineering,Low,4,2.5,3.5,1.0,True,comfortable_fit,True,High,Timetable,2026-09-08T00:40:00,2026-09-08T04:10:00,2,85.0,Adequate buffer for setup and clearance; High backlog age (29 days) boosts priority
TMS-022,GF-SEC-01-20260908-0410,SEC-01,Engineering,Low,4,2.5,1.5,-1.0,False,insufficient_duration,True,Low,GoodsForecast,2026-09-08T04:10:00,2026-09-08T05:40:00,1,45.0,"Slot duration 1.5h is less than required 2.5h; Utilizes dynamic goods cancellation slot, protecting timetable paths; High backlog age (29 days) boosts priority"
TMS-022,TT-SEC-01-20260909-0040,SEC-01,Engineering,Low,4,2.5,3.5,1.0,True,comfortable_fit,True,High,Timetable,2026-09-09T00:40:00,2026-09-09T04:10:00,2,85.0,Adequate buffer for setup and clearance; High backlog age (29 days) boosts priority
TMS-022,TT-SEC-01-20260910-0040,SEC-01,Engineering,Low,4,2.5,3.5,1.0,True,comfortable_fit,True,High,Timetable,2026-09-10T00:40:00,2026-09-10T04:10:00,2,85.0,Adequate buffer for setup and clearance; High backlog age (29 days) boosts priority
TMS-022,GF-SEC-01-20260910-0410,SEC-01,Engineering,Low,4,2.5,1.5,-1.0,False,insufficient_duration,True,Low,GoodsForecast,2026-09-10T04:10:00,2026-09-10T05:40:00,1,45.0,"Slot duration 1.5h is less than required 2.5h; Utilizes dynamic goods cancellation slot, protecting timetable paths; High backlog age (29 days) boosts priority"
TMS-022,TT-SEC-01-20260911-0040,SEC-01,Engineering,Low,4,2.5,3.5,1.0,True,comfortable_fit,True,High,Timetable,2026-09-11T00:40:00,2026-09-11T04:10:00,2,85.0,Adequate buffer for setup and clearance; High backlog age (29 days) boosts priority
TMS-022,TT-SEC-01-20260912-0040,SEC-01,Engineering,Low,4,2.5,3.5,1.0,True,comfortable_fit,True,High,Timetable,2026-09-12T00:40:00,2026-09-12T04:10:00,2,85.0,Adequate buffer for setup and clearance; High backlog age (29 days) boosts priority
TMS-022,GF-SEC-01-20260912-0410,SEC-01,Engineering,Low,4,2.5,1.5,-1.0,False,insufficient_duration,True,Low,GoodsForecast,2026-09-12T04:10:00,2026-09-12T05:40:00,1,45.0,"Slot duration 1.5h is less than required 2.5h; Utilizes dynamic goods cancellation slot, protecting timetable paths; High backlog age (29 days) boosts priority"
TMS-022,TT-SEC-01-20260913-0040,SEC-01,Engineering,Low,4,2.5,4.0,1.5,True,comfortable_fit,True,High,Timetable,2026-09-13T00:40:00,2026-09-13T04:40:00,2,85.0,Adequate buffer for setup and clearance; High backlog age (29 days) boosts priority
TMS-022,TT-SEC-01-20260916-0040,SEC-01,Engineering,Low,4,2.5,3.5,1.0,True,comfortable_fit,True,High,Timetable,2026-09-16T00:40:00,2026-09-16T04:10:00,2,85.0,Adequate buffer for setup and clearance; High backlog age (29 days) boosts priority
TMS-022,GF-SEC-01-20260916-0410,SEC-01,Engineering,Low,4,2.5,1.5,-1.0,False,insufficient_duration,True,Low,GoodsForecast,2026-09-16T04:10:00,2026-09-16T05:40:00,1,45.0,"Slot duration 1.5h is less than required 2.5h; Utilizes dynamic goods cancellation slot, protecting timetable paths; High backlog age (29 days) boosts priority"
TMS-022,TT-SEC-01-20260920-0040,SEC-01,Engineering,Low,4,2.5,4.0,1.5,True,comfortable_fit,True,High,Timetable,2026-09-20T00:40:00,2026-09-20T04:40:00,2,85.0,Adequate buffer for setup and clearance; High backlog age (29 days) boosts priority
TMS-022,TT-SEC-01-20260923-0040,SEC-01,Engineering,Low,4,2.5,3.5,1.0,True,comfortable_fit,True,High,Timetable,2026-09-23T00:40:00,2026-09-23T04:10:00,2,85.0,Adequate buffer for setup and clearance; High backlog age (29 days) boosts priority
TMS-022,GF-SEC-01-20260923-0410,SEC-01,Engineering,Low,4,2.5,1.5,-1.0,False,insufficient_duration,True,Low,GoodsForecast,2026-09-23T04:10:00,2026-09-23T05:40:00,1,45.0,"Slot duration 1.5h is less than required 2.5h; Utilizes dynamic goods cancellation slot, protecting timetable paths; High backlog age (29 days) boosts priority"
TMS-022,TT-SEC-01-20260927-0040,SEC-01,Engineering,Low,4,2.5,4.0,1.5,True,comfortable_fit,True,High,Timetable,2026-09-27T00:40:00,2026-09-27T04:40:00,2,85.0,Adequate buffer for setup and clearance; High backlog age (29 days) boosts priority
TMS-022,TT-SEC-01-20260930-0040,SEC-01,Engineering,Low,4,2.5,3.5,1.0,True,comfortable_fit,True,High,Timetable,2026-09-30T00:40:00,2026-09-30T04:10:00,2,85.0,Adequate buffer for setup and clearance; High backlog age (29 days) boosts priority
SMMS-001,TT-SEC-01-20260907-0040,SEC-01,S&T,High,10,3.5,3.5,0.0,True,tight_fit,True,High,Timetable,2026-09-07T00:40:00,2026-09-07T04:10:00,2,95.0,Optimal fit with minimal idle window; High criticality matched to safe night corridor
SMMS-001,TT-SEC-01-20260908-0040,SEC-01,S&T,High,10,3.5,3.5,0.0,True,tight_fit,True,High,Timetable,2026-09-08T00:40:00,2026-09-08T04:10:00,2,95.0,Optimal fit with minimal idle window; High criticality matched to safe night corridor
SMMS-001,GF-SEC-01-20260908-0410,SEC-01,S&T,High,10,3.5,1.5,-2.0,False,insufficient_duration,True,Low,GoodsForecast,2026-09-08T04:10:00,2026-09-08T05:40:00,1,50.0,"Slot duration 1.5h is less than required 3.5h; High criticality matched to safe night corridor; Utilizes dynamic goods cancellation slot, protecting timetable paths"
SMMS-001,TT-SEC-01-20260909-0040,SEC-01,S&T,High,10,3.5,3.5,0.0,True,tight_fit,True,High,Timetable,2026-09-09T00:40:00,2026-09-09T04:10:00,2,95.0,Optimal fit with minimal idle window; High criticality matched to safe night corridor
SMMS-001,TT-SEC-01-20260910-0040,SEC-01,S&T,High,10,3.5,3.5,0.0,True,tight_fit,True,High,Timetable,2026-09-10T00:40:00,2026-09-10T04:10:00,2,95.0,Optimal fit with minimal idle window; High criticality matched to safe night corridor
SMMS-001,GF-SEC-01-20260910-0410,SEC-01,S&T,High,10,3.5,1.5,-2.0,False,insufficient_duration,True,Low,GoodsForecast,2026-09-10T04:10:00,2026-09-10T05:40:00,1,50.0,"Slot duration 1.5h is less than required 3.5h; High criticality matched to safe night corridor; Utilizes dynamic goods cancellation slot, protecting timetable paths"
SMMS-001,TT-SEC-01-20260911-0040,SEC-01,S&T,High,10,3.5,3.5,0.0,True,tight_fit,True,High,Timetable,2026-09-11T00:40:00,2026-09-11T04:10:00,2,95.0,Optimal fit with minimal idle window; High criticality matched to safe night corridor
SMMS-001,TT-SEC-01-20260912-0040,SEC-01,S&T,High,10,3.5,3.5,0.0,True,tight_fit,True,High,Timetable,2026-09-12T00:40:00,2026-09-12T04:10:00,2,95.0,Optimal fit with minimal idle window; High criticality matched to safe night corridor
SMMS-001,GF-SEC-01-20260912-0410,SEC-01,S&T,High,10,3.5,1.5,-2.0,False,insufficient_duration,True,Low,GoodsForecast,2026-09-12T04:10:00,2026-09-12T05:40:00,1,50.0,"Slot duration 1.5h is less than required 3.5h; High criticality matched to safe night corridor; Utilizes dynamic goods cancellation slot, protecting timetable paths"
SMMS-001,TT-SEC-01-20260913-0040,SEC-01,S&T,High,10,3.5,4.0,0.5,True,tight_fit,True,High,Timetable,2026-09-13T00:40:00,2026-09-13T04:40:00,2,95.0,Optimal fit with minimal idle window; High criticality matched to safe night corridor
SMMS-001,TT-SEC-01-20260916-0040,SEC-01,S&T,High,10,3.5,3.5,0.0,True,tight_fit,True,High,Timetable,2026-09-16T00:40:00,2026-09-16T04:10:00,2,95.0,Optimal fit with minimal idle window; High criticality matched to safe night corridor
SMMS-001,GF-SEC-01-20260916-0410,SEC-01,S&T,High,10,3.5,1.5,-2.0,False,insufficient_duration,True,Low,GoodsForecast,2026-09-16T04:10:00,2026-09-16T05:40:00,1,50.0,"Slot duration 1.5h is less than required 3.5h; High criticality matched to safe night corridor; Utilizes dynamic goods cancellation slot, protecting timetable paths"
SMMS-001,TT-SEC-01-20260920-0040,SEC-01,S&T,High,10,3.5,4.0,0.5,True,tight_fit,True,High,Timetable,2026-09-20T00:40:00,2026-09-20T04:40:00,2,95.0,Optimal fit with minimal idle window; High criticality matched to safe night corridor
SMMS-001,TT-SEC-01-20260923-0040,SEC-01,S&T,High,10,3.5,3.5,0.0,True,tight_fit,True,High,Timetable,2026-09-23T00:40:00,2026-09-23T04:10:00,2,95.0,Optimal fit with minimal idle window; High criticality matched to safe night corridor
SMMS-001,GF-SEC-01-20260923-0410,SEC-01,S&T,High,10,3.5,1.5,-2.0,False,insufficient_duration,True,Low,GoodsForecast,2026-09-23T04:10:00,2026-09-23T05:40:00,1,50.0,"Slot duration 1.5h is less than required 3.5h; High criticality matched to safe night corridor; Utilizes dynamic goods cancellation slot, protecting timetable paths"
SMMS-001,TT-SEC-01-20260927-0040,SEC-01,S&T,High,10,3.5,4.0,0.5,True,tight_fit,True,High,Timetable,2026-09-27T00:40:00,2026-09-27T04:40:00,2,95.0,Optimal fit with minimal idle window; High criticality matched to safe night corridor
SMMS-001,TT-SEC-01-20260930-0040,SEC-01,S&T,High,10,3.5,3.5,0.0,True,tight_fit,True,High,Timetable,2026-09-30T00:40:00,2026-09-30T04:10:00,2,95.0,Optimal fit with minimal idle window; High criticality matched to safe night corridor
SMMS-002,TT-SEC-01-20260907-0040,SEC-01,S&T,High,9,3.0,3.5,0.5,True,tight_fit,True,High,Timetable,2026-09-07T00:40:00,2026-09-07T04:10:00,2,95.0,Optimal fit with minimal idle window; High criticality matched to safe night corridor
SMMS-002,TT-SEC-01-20260908-0040,SEC-01,S&T,High,9,3.0,3.5,0.5,True,tight_fit,True,High,Timetable,2026-09-08T00:40:00,2026-09-08T04:10:00,2,95.0,Optimal fit with minimal idle window; High criticality matched to safe night corridor
SMMS-002,GF-SEC-01-20260908-0410,SEC-01,S&T,High,9,3.0,1.5,-1.5,False,insufficient_duration,True,Low,GoodsForecast,2026-09-08T04:10:00,2026-09-08T05:40:00,1,50.0,"Slot duration 1.5h is less than required 3.0h; High criticality matched to safe night corridor; Utilizes dynamic goods cancellation slot, protecting timetable paths"
SMMS-002,TT-SEC-01-20260909-0040,SEC-01,S&T,High,9,3.0,3.5,0.5,True,tight_fit,True,High,Timetable,2026-09-09T00:40:00,2026-09-09T04:10:00,2,95.0,Optimal fit with minimal idle window; High criticality matched to safe night corridor
SMMS-002,TT-SEC-01-20260910-0040,SEC-01,S&T,High,9,3.0,3.5,0.5,True,tight_fit,True,High,Timetable,2026-09-10T00:40:00,2026-09-10T04:10:00,2,95.0,Optimal fit with minimal idle window; High criticality matched to safe night corridor
SMMS-002,GF-SEC-01-20260910-0410,SEC-01,S&T,High,9,3.0,1.5,-1.5,False,insufficient_duration,True,Low,GoodsForecast,2026-09-10T04:10:00,2026-09-10T05:40:00,1,50.0,"Slot duration 1.5h is less than required 3.0h; High criticality matched to safe night corridor; Utilizes dynamic goods cancellation slot, protecting timetable paths"
SMMS-002,TT-SEC-01-20260911-0040,SEC-01,S&T,High,9,3.0,3.5,0.5,True,tight_fit,True,High,Timetable,2026-09-11T00:40:00,2026-09-11T04:10:00,2,95.0,Optimal fit with minimal idle window; High criticality matched to safe night corridor
SMMS-002,TT-SEC-01-20260912-0040,SEC-01,S&T,High,9,3.0,3.5,0.5,True,tight_fit,True,High,Timetable,2026-09-12T00:40:00,2026-09-12T04:10:00,2,95.0,Optimal fit with minimal idle window; High criticality matched to safe night corridor
SMMS-002,GF-SEC-01-20260912-0410,SEC-01,S&T,High,9,3.0,1.5,-1.5,False,insufficient_duration,True,Low,GoodsForecast,2026-09-12T04:10:00,2026-09-12T05:40:00,1,50.0,"Slot duration 1.5h is less than required 3.0h; High criticality matched to safe night corridor; Utilizes dynamic goods cancellation slot, protecting timetable paths"
SMMS-002,TT-SEC-01-20260913-0040,SEC-01,S&T,High,9,3.0,4.0,1.0,True,comfortable_fit,True,High,Timetable,2026-09-13T00:40:00,2026-09-13T04:40:00,2,90.0,Adequate buffer for setup and clearance; High criticality matched to safe night corridor
SMMS-002,TT-SEC-01-20260916-0040,SEC-01,S&T,High,9,3.0,3.5,0.5,True,tight_fit,True,High,Timetable,2026-09-16T00:40:00,2026-09-16T04:10:00,2,95.0,Optimal fit with minimal idle window; High criticality matched to safe night corridor
SMMS-002,GF-SEC-01-20260916-0410,SEC-01,S&T,High,9,3.0,1.5,-1.5,False,insufficient_duration,True,Low,GoodsForecast,2026-09-16T04:10:00,2026-09-16T05:40:00,1,50.0,"Slot duration 1.5h is less than required 3.0h; High criticality matched to safe night corridor; Utilizes dynamic goods cancellation slot, protecting timetable paths"
SMMS-002,TT-SEC-01-20260920-0040,SEC-01,S&T,High,9,3.0,4.0,1.0,True,comfortable_fit,True,High,Timetable,2026-09-20T00:40:00,2026-09-20T04:40:00,2,90.0,Adequate buffer for setup and clearance; High criticality matched to safe night corridor
SMMS-002,TT-SEC-01-20260923-0040,SEC-01,S&T,High,9,3.0,3.5,0.5,True,tight_fit,True,High,Timetable,2026-09-23T00:40:00,2026-09-23T04:10:00,2,95.0,Optimal fit with minimal idle window; High criticality matched to safe night corridor
SMMS-002,GF-SEC-01-20260923-0410,SEC-01,S&T,High,9,3.0,1.5,-1.5,False,insufficient_duration,True,Low,GoodsForecast,2026-09-23T04:10:00,2026-09-23T05:40:00,1,50.0,"Slot duration 1.5h is less than required 3.0h; High criticality matched to safe night corridor; Utilizes dynamic goods cancellation slot, protecting timetable paths"
SMMS-002,TT-SEC-01-20260927-0040,SEC-01,S&T,High,9,3.0,4.0,1.0,True,comfortable_fit,True,High,Timetable,2026-09-27T00:40:00,2026-09-27T04:40:00,2,90.0,Adequate buffer for setup and clearance; High criticality matched to safe night corridor
SMMS-002,TT-SEC-01-20260930-0040,SEC-01,S&T,High,9,3.0,3.5,0.5,True,tight_fit,True,High,Timetable,2026-09-30T00:40:00,2026-09-30T04:10:00,2,95.0,Optimal fit with minimal idle window; High criticality matched to safe night corridor
SMMS-003,TT-SEC-01-20260907-0040,SEC-01,S&T,Medium,7,3.0,3.5,0.5,True,tight_fit,True,High,Timetable,2026-09-07T00:40:00,2026-09-07T04:10:00,2,85.0,Optimal fit with minimal idle window
SMMS-003,TT-SEC-01-20260908-0040,SEC-01,S&T,Medium,7,3.0,3.5,0.5,True,tight_fit,True,High,Timetable,2026-09-08T00:40:00,2026-09-08T04:10:00,2,85.0,Optimal fit with minimal idle window
SMMS-003,GF-SEC-01-20260908-0410,SEC-01,S&T,Medium,7,3.0,1.5,-1.5,False,insufficient_duration,True,Low,GoodsForecast,2026-09-08T04:10:00,2026-09-08T05:40:00,1,40.0,"Slot duration 1.5h is less than required 3.0h; Utilizes dynamic goods cancellation slot, protecting timetable paths"
SMMS-003,TT-SEC-01-20260909-0040,SEC-01,S&T,Medium,7,3.0,3.5,0.5,True,tight_fit,True,High,Timetable,2026-09-09T00:40:00,2026-09-09T04:10:00,2,85.0,Optimal fit with minimal idle window
SMMS-003,TT-SEC-01-20260910-0040,SEC-01,S&T,Medium,7,3.0,3.5,0.5,True,tight_fit,True,High,Timetable,2026-09-10T00:40:00,2026-09-10T04:10:00,2,85.0,Optimal fit with minimal idle window
SMMS-003,GF-SEC-01-20260910-0410,SEC-01,S&T,Medium,7,3.0,1.5,-1.5,False,insufficient_duration,True,Low,GoodsForecast,2026-09-10T04:10:00,2026-09-10T05:40:00,1,40.0,"Slot duration 1.5h is less than required 3.0h; Utilizes dynamic goods cancellation slot, protecting timetable paths"
SMMS-003,TT-SEC-01-20260911-0040,SEC-01,S&T,Medium,7,3.0,3.5,0.5,True,tight_fit,True,High,Timetable,2026-09-11T00:40:00,2026-09-11T04:10:00,2,85.0,Optimal fit with minimal idle window
SMMS-003,TT-SEC-01-20260912-0040,SEC-01,S&T,Medium,7,3.0,3.5,0.5,True,tight_fit,True,High,Timetable,2026-09-12T00:40:00,2026-09-12T04:10:00,2,85.0,Optimal fit with minimal idle window
SMMS-003,GF-SEC-01-20260912-0410,SEC-01,S&T,Medium,7,3.0,1.5,-1.5,False,insufficient_duration,True,Low,GoodsForecast,2026-09-12T04:10:00,2026-09-12T05:40:00,1,40.0,"Slot duration 1.5h is less than required 3.0h; Utilizes dynamic goods cancellation slot, protecting timetable paths"
SMMS-003,TT-SEC-01-20260913-0040,SEC-01,S&T,Medium,7,3.0,4.0,1.0,True,comfortable_fit,True,High,Timetable,2026-09-13T00:40:00,2026-09-13T04:40:00,2,80.0,Adequate buffer for setup and clearance
SMMS-003,TT-SEC-01-20260916-0040,SEC-01,S&T,Medium,7,3.0,3.5,0.5,True,tight_fit,True,High,Timetable,2026-09-16T00:40:00,2026-09-16T04:10:00,2,85.0,Optimal fit with minimal idle window
SMMS-003,GF-SEC-01-20260916-0410,SEC-01,S&T,Medium,7,3.0,1.5,-1.5,False,insufficient_duration,True,Low,GoodsForecast,2026-09-16T04:10:00,2026-09-16T05:40:00,1,40.0,"Slot duration 1.5h is less than required 3.0h; Utilizes dynamic goods cancellation slot, protecting timetable paths"
SMMS-003,TT-SEC-01-20260920-0040,SEC-01,S&T,Medium,7,3.0,4.0,1.0,True,comfortable_fit,True,High,Timetable,2026-09-20T00:40:00,2026-09-20T04:40:00,2,80.0,Adequate buffer for setup and clearance
SMMS-003,TT-SEC-01-20260923-0040,SEC-01,S&T,Medium,7,3.0,3.5,0.5,True,tight_fit,True,High,Timetable,2026-09-23T00:40:00,2026-09-23T04:10:00,2,85.0,Optimal fit with minimal idle window
SMMS-003,GF-SEC-01-20260923-0410,SEC-01,S&T,Medium,7,3.0,1.5,-1.5,False,insufficient_duration,True,Low,GoodsForecast,2026-09-23T04:10:00,2026-09-23T05:40:00,1,40.0,"Slot duration 1.5h is less than required 3.0h; Utilizes dynamic goods cancellation slot, protecting timetable paths"
SMMS-003,TT-SEC-01-20260927-0040,SEC-01,S&T,Medium,7,3.0,4.0,1.0,True,comfortable_fit,True,High,Timetable,2026-09-27T00:40:00,2026-09-27T04:40:00,2,80.0,Adequate buffer for setup and clearance
SMMS-003,TT-SEC-01-20260930-0040,SEC-01,S&T,Medium,7,3.0,3.5,0.5,True,tight_fit,True,High,Timetable,2026-09-30T00:40:00,2026-09-30T04:10:00,2,85.0,Optimal fit with minimal idle window
SMMS-004,TT-SEC-02-20260907-0110,SEC-02,S&T,High,9,3.0,3.17,0.17,True,tight_fit,True,High,Timetable,2026-09-07T01:10:00,2026-09-07T04:20:00,1,95.0,Optimal fit with minimal idle window; High criticality matched to safe night corridor
SMMS-004,TT-SEC-02-20260908-0110,SEC-02,S&T,High,9,3.0,3.17,0.17,True,tight_fit,True,High,Timetable,2026-09-08T01:10:00,2026-09-08T04:20:00,1,95.0,Optimal fit with minimal idle window; High criticality matched to safe night corridor
SMMS-004,TT-SEC-02-20260909-0110,SEC-02,S&T,High,9,3.0,3.17,0.17,True,tight_fit,True,High,Timetable,2026-09-09T01:10:00,2026-09-09T04:20:00,1,95.0,Optimal fit with minimal idle window; High criticality matched to safe night corridor
SMMS-004,GF-SEC-02-20260909-0420,SEC-02,S&T,High,9,3.0,1.5,-1.5,False,insufficient_duration,True,Low,GoodsForecast,2026-09-09T04:20:00,2026-09-09T05:50:00,1,50.0,"Slot duration 1.5h is less than required 3.0h; High criticality matched to safe night corridor; Utilizes dynamic goods cancellation slot, protecting timetable paths"
SMMS-004,TT-SEC-02-20260910-0110,SEC-02,S&T,High,9,3.0,3.17,0.17,True,tight_fit,True,High,Timetable,2026-09-10T01:10:00,2026-09-10T04:20:00,1,95.0,Optimal fit with minimal idle window; High criticality matched to safe night corridor
SMMS-004,TT-SEC-02-20260911-0110,SEC-02,S&T,High,9,3.0,3.17,0.17,True,tight_fit,True,High,Timetable,2026-09-11T01:10:00,2026-09-11T04:20:00,1,95.0,Optimal fit with minimal idle window; High criticality matched to safe night corridor
SMMS-004,GF-SEC-02-20260911-0420,SEC-02,S&T,High,9,3.0,1.5,-1.5,False,insufficient_duration,True,Low,GoodsForecast,2026-09-11T04:20:00,2026-09-11T05:50:00,1,50.0,"Slot duration 1.5h is less than required 3.0h; High criticality matched to safe night corridor; Utilizes dynamic goods cancellation slot, protecting timetable paths"
SMMS-004,TT-SEC-02-20260912-0110,SEC-02,S&T,High,9,3.0,3.17,0.17,True,tight_fit,True,High,Timetable,2026-09-12T01:10:00,2026-09-12T04:20:00,1,95.0,Optimal fit with minimal idle window; High criticality matched to safe night corridor
SMMS-004,TT-SEC-02-20260913-0110,SEC-02,S&T,High,9,3.0,3.67,0.67,True,comfortable_fit,True,High,Timetable,2026-09-13T01:10:00,2026-09-13T04:50:00,2,90.0,Adequate buffer for setup and clearance; High criticality matched to safe night corridor
SMMS-004,TT-SEC-02-20260916-0110,SEC-02,S&T,High,9,3.0,3.17,0.17,True,tight_fit,True,High,Timetable,2026-09-16T01:10:00,2026-09-16T04:20:00,1,95.0,Optimal fit with minimal idle window; High criticality matched to safe night corridor
SMMS-004,GF-SEC-02-20260918-0420,SEC-02,S&T,High,9,3.0,1.5,-1.5,False,insufficient_duration,True,Low,GoodsForecast,2026-09-18T04:20:00,2026-09-18T05:50:00,1,50.0,"Slot duration 1.5h is less than required 3.0h; High criticality matched to safe night corridor; Utilizes dynamic goods cancellation slot, protecting timetable paths"
SMMS-004,TT-SEC-02-20260920-0110,SEC-02,S&T,High,9,3.0,3.67,0.67,True,comfortable_fit,True,High,Timetable,2026-09-20T01:10:00,2026-09-20T04:50:00,2,90.0,Adequate buffer for setup and clearance; High criticality matched to safe night corridor
SMMS-004,TT-SEC-02-20260923-0110,SEC-02,S&T,High,9,3.0,3.17,0.17,True,tight_fit,True,High,Timetable,2026-09-23T01:10:00,2026-09-23T04:20:00,1,95.0,Optimal fit with minimal idle window; High criticality matched to safe night corridor
SMMS-004,TT-SEC-02-20260927-0110,SEC-02,S&T,High,9,3.0,3.67,0.67,True,comfortable_fit,True,High,Timetable,2026-09-27T01:10:00,2026-09-27T04:50:00,2,90.0,Adequate buffer for setup and clearance; High criticality matched to safe night corridor
SMMS-004,TT-SEC-02-20260930-0110,SEC-02,S&T,High,9,3.0,3.17,0.17,True,tight_fit,True,High,Timetable,2026-09-30T01:10:00,2026-09-30T04:20:00,1,95.0,Optimal fit with minimal idle window; High criticality matched to safe night corridor
SMMS-005,TT-SEC-02-20260907-0110,SEC-02,S&T,Medium,6,2.0,3.17,1.17,True,comfortable_fit,True,High,Timetable,2026-09-07T01:10:00,2026-09-07T04:20:00,1,80.0,Adequate buffer for setup and clearance
SMMS-005,TT-SEC-02-20260908-0110,SEC-02,S&T,Medium,6,2.0,3.17,1.17,True,comfortable_fit,True,High,Timetable,2026-09-08T01:10:00,2026-09-08T04:20:00,1,80.0,Adequate buffer for setup and clearance
SMMS-005,TT-SEC-02-20260909-0110,SEC-02,S&T,Medium,6,2.0,3.17,1.17,True,comfortable_fit,True,High,Timetable,2026-09-09T01:10:00,2026-09-09T04:20:00,1,80.0,Adequate buffer for setup and clearance
SMMS-005,GF-SEC-02-20260909-0420,SEC-02,S&T,Medium,6,2.0,1.5,-0.5,False,insufficient_duration,True,Low,GoodsForecast,2026-09-09T04:20:00,2026-09-09T05:50:00,1,40.0,"Slot duration 1.5h is less than required 2.0h; Utilizes dynamic goods cancellation slot, protecting timetable paths"
SMMS-005,TT-SEC-02-20260910-0110,SEC-02,S&T,Medium,6,2.0,3.17,1.17,True,comfortable_fit,True,High,Timetable,2026-09-10T01:10:00,2026-09-10T04:20:00,1,80.0,Adequate buffer for setup and clearance
SMMS-005,TT-SEC-02-20260911-0110,SEC-02,S&T,Medium,6,2.0,3.17,1.17,True,comfortable_fit,True,High,Timetable,2026-09-11T01:10:00,2026-09-11T04:20:00,1,80.0,Adequate buffer for setup and clearance
SMMS-005,GF-SEC-02-20260911-0420,SEC-02,S&T,Medium,6,2.0,1.5,-0.5,False,insufficient_duration,True,Low,GoodsForecast,2026-09-11T04:20:00,2026-09-11T05:50:00,1,40.0,"Slot duration 1.5h is less than required 2.0h; Utilizes dynamic goods cancellation slot, protecting timetable paths"
SMMS-005,TT-SEC-02-20260912-0110,SEC-02,S&T,Medium,6,2.0,3.17,1.17,True,comfortable_fit,True,High,Timetable,2026-09-12T01:10:00,2026-09-12T04:20:00,1,80.0,Adequate buffer for setup and clearance
SMMS-005,TT-SEC-02-20260913-0110,SEC-02,S&T,Medium,6,2.0,3.67,1.67,True,comfortable_fit,True,High,Timetable,2026-09-13T01:10:00,2026-09-13T04:50:00,2,80.0,Adequate buffer for setup and clearance
SMMS-005,TT-SEC-02-20260916-0110,SEC-02,S&T,Medium,6,2.0,3.17,1.17,True,comfortable_fit,True,High,Timetable,2026-09-16T01:10:00,2026-09-16T04:20:00,1,80.0,Adequate buffer for setup and clearance
SMMS-005,GF-SEC-02-20260918-0420,SEC-02,S&T,Medium,6,2.0,1.5,-0.5,False,insufficient_duration,True,Low,GoodsForecast,2026-09-18T04:20:00,2026-09-18T05:50:00,1,40.0,"Slot duration 1.5h is less than required 2.0h; Utilizes dynamic goods cancellation slot, protecting timetable paths"
SMMS-005,TT-SEC-02-20260920-0110,SEC-02,S&T,Medium,6,2.0,3.67,1.67,True,comfortable_fit,True,High,Timetable,2026-09-20T01:10:00,2026-09-20T04:50:00,2,80.0,Adequate buffer for setup and clearance
SMMS-005,TT-SEC-02-20260923-0110,SEC-02,S&T,Medium,6,2.0,3.17,1.17,True,comfortable_fit,True,High,Timetable,2026-09-23T01:10:00,2026-09-23T04:20:00,1,80.0,Adequate buffer for setup and clearance
SMMS-005,TT-SEC-02-20260927-0110,SEC-02,S&T,Medium,6,2.0,3.67,1.67,True,comfortable_fit,True,High,Timetable,2026-09-27T01:10:00,2026-09-27T04:50:00,2,80.0,Adequate buffer for setup and clearance
SMMS-005,TT-SEC-02-20260930-0110,SEC-02,S&T,Medium,6,2.0,3.17,1.17,True,comfortable_fit,True,High,Timetable,2026-09-30T01:10:00,2026-09-30T04:20:00,1,80.0,Adequate buffer for setup and clearance
SMMS-006,TT-SEC-03-20260907-0130,SEC-03,S&T,High,9,3.0,3.0,0.0,True,tight_fit,True,Medium,Timetable,2026-09-07T01:30:00,2026-09-07T04:30:00,1,95.0,Optimal fit with minimal idle window; High criticality matched to safe night corridor
SMMS-006,TT-SEC-03-20260907-1030,SEC-03,S&T,High,9,3.0,2.5,-0.5,False,insufficient_duration,False,Medium,Timetable,2026-09-07T10:30:00,2026-09-07T13:00:00,1,25.0,Slot duration 2.5h is less than required 3.0h; Day shadow window on medium density line
SMMS-006,TT-SEC-03-20260908-0130,SEC-03,S&T,High,9,3.0,3.0,0.0,True,tight_fit,True,Medium,Timetable,2026-09-08T01:30:00,2026-09-08T04:30:00,1,95.0,Optimal fit with minimal idle window; High criticality matched to safe night corridor
SMMS-006,TT-SEC-03-20260909-0130,SEC-03,S&T,High,9,3.0,3.0,0.0,True,tight_fit,True,Medium,Timetable,2026-09-09T01:30:00,2026-09-09T04:30:00,1,95.0,Optimal fit with minimal idle window; High criticality matched to safe night corridor
SMMS-006,TT-SEC-03-20260909-1030,SEC-03,S&T,High,9,3.0,2.5,-0.5,False,insufficient_duration,False,Medium,Timetable,2026-09-09T10:30:00,2026-09-09T13:00:00,1,25.0,Slot duration 2.5h is less than required 3.0h; Day shadow window on medium density line
SMMS-006,TT-SEC-03-20260910-0130,SEC-03,S&T,High,9,3.0,3.0,0.0,True,tight_fit,True,Medium,Timetable,2026-09-10T01:30:00,2026-09-10T04:30:00,1,95.0,Optimal fit with minimal idle window; High criticality matched to safe night corridor
SMMS-006,TT-SEC-03-20260911-0130,SEC-03,S&T,High,9,3.0,3.0,0.0,True,tight_fit,True,Medium,Timetable,2026-09-11T01:30:00,2026-09-11T04:30:00,1,95.0,Optimal fit with minimal idle window; High criticality matched to safe night corridor
SMMS-006,TT-SEC-03-20260911-1030,SEC-03,S&T,High,9,3.0,2.5,-0.5,False,insufficient_duration,False,Medium,Timetable,2026-09-11T10:30:00,2026-09-11T13:00:00,1,25.0,Slot duration 2.5h is less than required 3.0h; Day shadow window on medium density line
SMMS-006,GF-SEC-03-20260911-1300,SEC-03,S&T,High,9,3.0,1.5,-1.5,False,insufficient_duration,False,Low,GoodsForecast,2026-09-11T13:00:00,2026-09-11T14:30:00,1,35.0,"Slot duration 1.5h is less than required 3.0h; Day shadow window on medium density line; Utilizes dynamic goods cancellation slot, protecting timetable paths"
SMMS-006,TT-SEC-03-20260912-0130,SEC-03,S&T,High,9,3.0,3.0,0.0,True,tight_fit,True,Medium,Timetable,2026-09-12T01:30:00,2026-09-12T04:30:00,1,95.0,Optimal fit with minimal idle window; High criticality matched to safe night corridor
SMMS-006,TT-SEC-03-20260913-0130,SEC-03,S&T,High,9,3.0,3.0,0.0,True,tight_fit,True,Medium,Timetable,2026-09-13T01:30:00,2026-09-13T04:30:00,1,95.0,Optimal fit with minimal idle window; High criticality matched to safe night corridor
SMMS-006,TT-SEC-03-20260913-1030,SEC-03,S&T,High,9,3.0,2.5,-0.5,False,insufficient_duration,False,Medium,Timetable,2026-09-13T10:30:00,2026-09-13T13:00:00,1,25.0,Slot duration 2.5h is less than required 3.0h; Day shadow window on medium density line
SMMS-006,TT-SEC-03-20260916-0130,SEC-03,S&T,High,9,3.0,3.0,0.0,True,tight_fit,True,Medium,Timetable,2026-09-16T01:30:00,2026-09-16T04:30:00,1,95.0,Optimal fit with minimal idle window; High criticality matched to safe night corridor
SMMS-006,TT-SEC-03-20260920-0130,SEC-03,S&T,High,9,3.0,3.0,0.0,True,tight_fit,True,Medium,Timetable,2026-09-20T01:30:00,2026-09-20T04:30:00,1,95.0,Optimal fit with minimal idle window; High criticality matched to safe night corridor
SMMS-006,TT-SEC-03-20260920-1030,SEC-03,S&T,High,9,3.0,2.5,-0.5,False,insufficient_duration,False,Medium,Timetable,2026-09-20T10:30:00,2026-09-20T13:00:00,1,25.0,Slot duration 2.5h is less than required 3.0h; Day shadow window on medium density line
SMMS-006,TT-SEC-03-20260923-0130,SEC-03,S&T,High,9,3.0,3.0,0.0,True,tight_fit,True,Medium,Timetable,2026-09-23T01:30:00,2026-09-23T04:30:00,1,95.0,Optimal fit with minimal idle window; High criticality matched to safe night corridor
SMMS-006,TT-SEC-03-20260927-0130,SEC-03,S&T,High,9,3.0,3.0,0.0,True,tight_fit,True,Medium,Timetable,2026-09-27T01:30:00,2026-09-27T04:30:00,1,95.0,Optimal fit with minimal idle window; High criticality matched to safe night corridor
SMMS-006,TT-SEC-03-20260927-1030,SEC-03,S&T,High,9,3.0,2.5,-0.5,False,insufficient_duration,False,Medium,Timetable,2026-09-27T10:30:00,2026-09-27T13:00:00,1,25.0,Slot duration 2.5h is less than required 3.0h; Day shadow window on medium density line
SMMS-006,TT-SEC-03-20260930-0130,SEC-03,S&T,High,9,3.0,3.0,0.0,True,tight_fit,True,Medium,Timetable,2026-09-30T01:30:00,2026-09-30T04:30:00,1,95.0,Optimal fit with minimal idle window; High criticality matched to safe night corridor
SMMS-007,TT-SEC-03-20260907-0130,SEC-03,S&T,Medium,6,3.0,3.0,0.0,True,tight_fit,True,Medium,Timetable,2026-09-07T01:30:00,2026-09-07T04:30:00,1,95.0,Optimal fit with minimal idle window; High backlog age (22 days) boosts priority
SMMS-007,TT-SEC-03-20260907-1030,SEC-03,S&T,Medium,6,3.0,2.5,-0.5,False,insufficient_duration,False,Medium,Timetable,2026-09-07T10:30:00,2026-09-07T13:00:00,1,40.0,Slot duration 2.5h is less than required 3.0h; High backlog age (22 days) boosts priority
SMMS-007,TT-SEC-03-20260908-0130,SEC-03,S&T,Medium,6,3.0,3.0,0.0,True,tight_fit,True,Medium,Timetable,2026-09-08T01:30:00,2026-09-08T04:30:00,1,95.0,Optimal fit with minimal idle window; High backlog age (22 days) boosts priority
SMMS-007,TT-SEC-03-20260909-0130,SEC-03,S&T,Medium,6,3.0,3.0,0.0,True,tight_fit,True,Medium,Timetable,2026-09-09T01:30:00,2026-09-09T04:30:00,1,95.0,Optimal fit with minimal idle window; High backlog age (22 days) boosts priority
SMMS-007,TT-SEC-03-20260909-1030,SEC-03,S&T,Medium,6,3.0,2.5,-0.5,False,insufficient_duration,False,Medium,Timetable,2026-09-09T10:30:00,2026-09-09T13:00:00,1,40.0,Slot duration 2.5h is less than required 3.0h; High backlog age (22 days) boosts priority
SMMS-007,TT-SEC-03-20260910-0130,SEC-03,S&T,Medium,6,3.0,3.0,0.0,True,tight_fit,True,Medium,Timetable,2026-09-10T01:30:00,2026-09-10T04:30:00,1,95.0,Optimal fit with minimal idle window; High backlog age (22 days) boosts priority
SMMS-007,TT-SEC-03-20260911-0130,SEC-03,S&T,Medium,6,3.0,3.0,0.0,True,tight_fit,True,Medium,Timetable,2026-09-11T01:30:00,2026-09-11T04:30:00,1,95.0,Optimal fit with minimal idle window; High backlog age (22 days) boosts priority
SMMS-007,TT-SEC-03-20260911-1030,SEC-03,S&T,Medium,6,3.0,2.5,-0.5,False,insufficient_duration,False,Medium,Timetable,2026-09-11T10:30:00,2026-09-11T13:00:00,1,40.0,Slot duration 2.5h is less than required 3.0h; High backlog age (22 days) boosts priority
SMMS-007,GF-SEC-03-20260911-1300,SEC-03,S&T,Medium,6,3.0,1.5,-1.5,False,insufficient_duration,False,Low,GoodsForecast,2026-09-11T13:00:00,2026-09-11T14:30:00,1,50.0,"Slot duration 1.5h is less than required 3.0h; Utilizes dynamic goods cancellation slot, protecting timetable paths; High backlog age (22 days) boosts priority"
SMMS-007,TT-SEC-03-20260912-0130,SEC-03,S&T,Medium,6,3.0,3.0,0.0,True,tight_fit,True,Medium,Timetable,2026-09-12T01:30:00,2026-09-12T04:30:00,1,95.0,Optimal fit with minimal idle window; High backlog age (22 days) boosts priority
SMMS-007,TT-SEC-03-20260913-0130,SEC-03,S&T,Medium,6,3.0,3.0,0.0,True,tight_fit,True,Medium,Timetable,2026-09-13T01:30:00,2026-09-13T04:30:00,1,95.0,Optimal fit with minimal idle window; High backlog age (22 days) boosts priority
SMMS-007,TT-SEC-03-20260913-1030,SEC-03,S&T,Medium,6,3.0,2.5,-0.5,False,insufficient_duration,False,Medium,Timetable,2026-09-13T10:30:00,2026-09-13T13:00:00,1,40.0,Slot duration 2.5h is less than required 3.0h; High backlog age (22 days) boosts priority
SMMS-007,TT-SEC-03-20260916-0130,SEC-03,S&T,Medium,6,3.0,3.0,0.0,True,tight_fit,True,Medium,Timetable,2026-09-16T01:30:00,2026-09-16T04:30:00,1,95.0,Optimal fit with minimal idle window; High backlog age (22 days) boosts priority
SMMS-007,TT-SEC-03-20260920-0130,SEC-03,S&T,Medium,6,3.0,3.0,0.0,True,tight_fit,True,Medium,Timetable,2026-09-20T01:30:00,2026-09-20T04:30:00,1,95.0,Optimal fit with minimal idle window; High backlog age (22 days) boosts priority
SMMS-007,TT-SEC-03-20260920-1030,SEC-03,S&T,Medium,6,3.0,2.5,-0.5,False,insufficient_duration,False,Medium,Timetable,2026-09-20T10:30:00,2026-09-20T13:00:00,1,40.0,Slot duration 2.5h is less than required 3.0h; High backlog age (22 days) boosts priority
SMMS-007,TT-SEC-03-20260923-0130,SEC-03,S&T,Medium,6,3.0,3.0,0.0,True,tight_fit,True,Medium,Timetable,2026-09-23T01:30:00,2026-09-23T04:30:00,1,95.0,Optimal fit with minimal idle window; High backlog age (22 days) boosts priority
SMMS-007,TT-SEC-03-20260927-0130,SEC-03,S&T,Medium,6,3.0,3.0,0.0,True,tight_fit,True,Medium,Timetable,2026-09-27T01:30:00,2026-09-27T04:30:00,1,95.0,Optimal fit with minimal idle window; High backlog age (22 days) boosts priority
SMMS-007,TT-SEC-03-20260927-1030,SEC-03,S&T,Medium,6,3.0,2.5,-0.5,False,insufficient_duration,False,Medium,Timetable,2026-09-27T10:30:00,2026-09-27T13:00:00,1,40.0,Slot duration 2.5h is less than required 3.0h; High backlog age (22 days) boosts priority
SMMS-007,TT-SEC-03-20260930-0130,SEC-03,S&T,Medium,6,3.0,3.0,0.0,True,tight_fit,True,Medium,Timetable,2026-09-30T01:30:00,2026-09-30T04:30:00,1,95.0,Optimal fit with minimal idle window; High backlog age (22 days) boosts priority
SMMS-008,TT-SEC-04-20260907-0200,SEC-04,S&T,Low,3,1.5,3.0,1.5,True,comfortable_fit,True,Medium,Timetable,2026-09-07T02:00:00,2026-09-07T05:00:00,1,85.0,Adequate buffer for setup and clearance; High backlog age (31 days) boosts priority
SMMS-008,TT-SEC-04-20260908-0200,SEC-04,S&T,Low,3,1.5,3.0,1.5,True,comfortable_fit,True,Medium,Timetable,2026-09-08T02:00:00,2026-09-08T05:00:00,1,85.0,Adequate buffer for setup and clearance; High backlog age (31 days) boosts priority
SMMS-008,TT-SEC-04-20260908-0945,SEC-04,S&T,Low,3,1.5,3.0,1.5,True,comfortable_fit,False,Medium,Timetable,2026-09-08T09:45:00,2026-09-08T12:45:00,1,95.0,Adequate buffer for setup and clearance; Routine/low severity ideally executed during day shadow slots; High backlog age (31 days) boosts priority
SMMS-008,TT-SEC-04-20260909-0200,SEC-04,S&T,Low,3,1.5,3.0,1.5,True,comfortable_fit,True,Medium,Timetable,2026-09-09T02:00:00,2026-09-09T05:00:00,1,85.0,Adequate buffer for setup and clearance; High backlog age (31 days) boosts priority
SMMS-008,TT-SEC-04-20260910-0200,SEC-04,S&T,Low,3,1.5,3.0,1.5,True,comfortable_fit,True,Medium,Timetable,2026-09-10T02:00:00,2026-09-10T05:00:00,1,85.0,Adequate buffer for setup and clearance; High backlog age (31 days) boosts priority
SMMS-008,TT-SEC-04-20260910-0945,SEC-04,S&T,Low,3,1.5,3.0,1.5,True,comfortable_fit,False,Medium,Timetable,2026-09-10T09:45:00,2026-09-10T12:45:00,1,95.0,Adequate buffer for setup and clearance; Routine/low severity ideally executed during day shadow slots; High backlog age (31 days) boosts priority
SMMS-008,TT-SEC-04-20260911-0200,SEC-04,S&T,Low,3,1.5,3.0,1.5,True,comfortable_fit,True,Medium,Timetable,2026-09-11T02:00:00,2026-09-11T05:00:00,1,85.0,Adequate buffer for setup and clearance; High backlog age (31 days) boosts priority
SMMS-008,TT-SEC-04-20260912-0200,SEC-04,S&T,Low,3,1.5,3.0,1.5,True,comfortable_fit,True,Medium,Timetable,2026-09-12T02:00:00,2026-09-12T05:00:00,1,85.0,Adequate buffer for setup and clearance; High backlog age (31 days) boosts priority
SMMS-008,TT-SEC-04-20260912-0945,SEC-04,S&T,Low,3,1.5,3.0,1.5,True,comfortable_fit,False,Medium,Timetable,2026-09-12T09:45:00,2026-09-12T12:45:00,1,95.0,Adequate buffer for setup and clearance; Routine/low severity ideally executed during day shadow slots; High backlog age (31 days) boosts priority
SMMS-008,GF-SEC-04-20260912-1245,SEC-04,S&T,Low,3,1.5,1.5,0.0,True,tight_fit,False,Low,GoodsForecast,2026-09-12T12:45:00,2026-09-12T14:15:00,1,100.0,"Optimal fit with minimal idle window; Routine/low severity ideally executed during day shadow slots; Utilizes dynamic goods cancellation slot, protecting timetable paths; High backlog age (31 days) boosts priority"
SMMS-008,TT-SEC-04-20260913-0200,SEC-04,S&T,Low,3,1.5,3.0,1.5,True,comfortable_fit,True,Medium,Timetable,2026-09-13T02:00:00,2026-09-13T05:00:00,1,85.0,Adequate buffer for setup and clearance; High backlog age (31 days) boosts priority
SMMS-008,TT-SEC-04-20260916-0200,SEC-04,S&T,Low,3,1.5,3.0,1.5,True,comfortable_fit,True,Medium,Timetable,2026-09-16T02:00:00,2026-09-16T05:00:00,1,85.0,Adequate buffer for setup and clearance; High backlog age (31 days) boosts priority
SMMS-008,TT-SEC-04-20260920-0200,SEC-04,S&T,Low,3,1.5,3.0,1.5,True,comfortable_fit,True,Medium,Timetable,2026-09-20T02:00:00,2026-09-20T05:00:00,1,85.0,Adequate buffer for setup and clearance; High backlog age (31 days) boosts priority
SMMS-008,TT-SEC-04-20260923-0200,SEC-04,S&T,Low,3,1.5,3.0,1.5,True,comfortable_fit,True,Medium,Timetable,2026-09-23T02:00:00,2026-09-23T05:00:00,1,85.0,Adequate buffer for setup and clearance; High backlog age (31 days) boosts priority
SMMS-008,TT-SEC-04-20260927-0200,SEC-04,S&T,Low,3,1.5,3.0,1.5,True,comfortable_fit,True,Medium,Timetable,2026-09-27T02:00:00,2026-09-27T05:00:00,1,85.0,Adequate buffer for setup and clearance; High backlog age (31 days) boosts priority
SMMS-008,TT-SEC-04-20260930-0200,SEC-04,S&T,Low,3,1.5,3.0,1.5,True,comfortable_fit,True,Medium,Timetable,2026-09-30T02:00:00,2026-09-30T05:00:00,1,85.0,Adequate buffer for setup and clearance; High backlog age (31 days) boosts priority
SMMS-009,TT-SEC-04-20260907-0200,SEC-04,S&T,Medium,7,3.0,3.0,0.0,True,tight_fit,True,Medium,Timetable,2026-09-07T02:00:00,2026-09-07T05:00:00,1,85.0,Optimal fit with minimal idle window
SMMS-009,TT-SEC-04-20260908-0200,SEC-04,S&T,Medium,7,3.0,3.0,0.0,True,tight_fit,True,Medium,Timetable,2026-09-08T02:00:00,2026-09-08T05:00:00,1,85.0,Optimal fit with minimal idle window
SMMS-009,TT-SEC-04-20260908-0945,SEC-04,S&T,Medium,7,3.0,3.0,0.0,True,tight_fit,False,Medium,Timetable,2026-09-08T09:45:00,2026-09-08T12:45:00,1,85.0,Optimal fit with minimal idle window
SMMS-009,TT-SEC-04-20260909-0200,SEC-04,S&T,Medium,7,3.0,3.0,0.0,True,tight_fit,True,Medium,Timetable,2026-09-09T02:00:00,2026-09-09T05:00:00,1,85.0,Optimal fit with minimal idle window
SMMS-009,TT-SEC-04-20260910-0200,SEC-04,S&T,Medium,7,3.0,3.0,0.0,True,tight_fit,True,Medium,Timetable,2026-09-10T02:00:00,2026-09-10T05:00:00,1,85.0,Optimal fit with minimal idle window
SMMS-009,TT-SEC-04-20260910-0945,SEC-04,S&T,Medium,7,3.0,3.0,0.0,True,tight_fit,False,Medium,Timetable,2026-09-10T09:45:00,2026-09-10T12:45:00,1,85.0,Optimal fit with minimal idle window
SMMS-009,TT-SEC-04-20260911-0200,SEC-04,S&T,Medium,7,3.0,3.0,0.0,True,tight_fit,True,Medium,Timetable,2026-09-11T02:00:00,2026-09-11T05:00:00,1,85.0,Optimal fit with minimal idle window
SMMS-009,TT-SEC-04-20260912-0200,SEC-04,S&T,Medium,7,3.0,3.0,0.0,True,tight_fit,True,Medium,Timetable,2026-09-12T02:00:00,2026-09-12T05:00:00,1,85.0,Optimal fit with minimal idle window
SMMS-009,TT-SEC-04-20260912-0945,SEC-04,S&T,Medium,7,3.0,3.0,0.0,True,tight_fit,False,Medium,Timetable,2026-09-12T09:45:00,2026-09-12T12:45:00,1,85.0,Optimal fit with minimal idle window
SMMS-009,GF-SEC-04-20260912-1245,SEC-04,S&T,Medium,7,3.0,1.5,-1.5,False,insufficient_duration,False,Low,GoodsForecast,2026-09-12T12:45:00,2026-09-12T14:15:00,1,40.0,"Slot duration 1.5h is less than required 3.0h; Utilizes dynamic goods cancellation slot, protecting timetable paths"
SMMS-009,TT-SEC-04-20260913-0200,SEC-04,S&T,Medium,7,3.0,3.0,0.0,True,tight_fit,True,Medium,Timetable,2026-09-13T02:00:00,2026-09-13T05:00:00,1,85.0,Optimal fit with minimal idle window
SMMS-009,TT-SEC-04-20260916-0200,SEC-04,S&T,Medium,7,3.0,3.0,0.0,True,tight_fit,True,Medium,Timetable,2026-09-16T02:00:00,2026-09-16T05:00:00,1,85.0,Optimal fit with minimal idle window
SMMS-009,TT-SEC-04-20260920-0200,SEC-04,S&T,Medium,7,3.0,3.0,0.0,True,tight_fit,True,Medium,Timetable,2026-09-20T02:00:00,2026-09-20T05:00:00,1,85.0,Optimal fit with minimal idle window
SMMS-009,TT-SEC-04-20260923-0200,SEC-04,S&T,Medium,7,3.0,3.0,0.0,True,tight_fit,True,Medium,Timetable,2026-09-23T02:00:00,2026-09-23T05:00:00,1,85.0,Optimal fit with minimal idle window
SMMS-009,TT-SEC-04-20260927-0200,SEC-04,S&T,Medium,7,3.0,3.0,0.0,True,tight_fit,True,Medium,Timetable,2026-09-27T02:00:00,2026-09-27T05:00:00,1,85.0,Optimal fit with minimal idle window
SMMS-009,TT-SEC-04-20260930-0200,SEC-04,S&T,Medium,7,3.0,3.0,0.0,True,tight_fit,True,Medium,Timetable,2026-09-30T02:00:00,2026-09-30T05:00:00,1,85.0,Optimal fit with minimal idle window
SMMS-010,TT-SEC-04-20260907-0200,SEC-04,S&T,High,8,3.0,3.0,0.0,True,tight_fit,True,Medium,Timetable,2026-09-07T02:00:00,2026-09-07T05:00:00,1,95.0,Optimal fit with minimal idle window; High criticality matched to safe night corridor
SMMS-010,TT-SEC-04-20260908-0200,SEC-04,S&T,High,8,3.0,3.0,0.0,True,tight_fit,True,Medium,Timetable,2026-09-08T02:00:00,2026-09-08T05:00:00,1,95.0,Optimal fit with minimal idle window; High criticality matched to safe night corridor
SMMS-010,TT-SEC-04-20260908-0945,SEC-04,S&T,High,8,3.0,3.0,0.0,True,tight_fit,False,Medium,Timetable,2026-09-08T09:45:00,2026-09-08T12:45:00,1,80.0,Optimal fit with minimal idle window; Day shadow window on medium density line
SMMS-010,TT-SEC-04-20260909-0200,SEC-04,S&T,High,8,3.0,3.0,0.0,True,tight_fit,True,Medium,Timetable,2026-09-09T02:00:00,2026-09-09T05:00:00,1,95.0,Optimal fit with minimal idle window; High criticality matched to safe night corridor
SMMS-010,TT-SEC-04-20260910-0200,SEC-04,S&T,High,8,3.0,3.0,0.0,True,tight_fit,True,Medium,Timetable,2026-09-10T02:00:00,2026-09-10T05:00:00,1,95.0,Optimal fit with minimal idle window; High criticality matched to safe night corridor
SMMS-010,TT-SEC-04-20260910-0945,SEC-04,S&T,High,8,3.0,3.0,0.0,True,tight_fit,False,Medium,Timetable,2026-09-10T09:45:00,2026-09-10T12:45:00,1,80.0,Optimal fit with minimal idle window; Day shadow window on medium density line
SMMS-010,TT-SEC-04-20260911-0200,SEC-04,S&T,High,8,3.0,3.0,0.0,True,tight_fit,True,Medium,Timetable,2026-09-11T02:00:00,2026-09-11T05:00:00,1,95.0,Optimal fit with minimal idle window; High criticality matched to safe night corridor
SMMS-010,TT-SEC-04-20260912-0200,SEC-04,S&T,High,8,3.0,3.0,0.0,True,tight_fit,True,Medium,Timetable,2026-09-12T02:00:00,2026-09-12T05:00:00,1,95.0,Optimal fit with minimal idle window; High criticality matched to safe night corridor
SMMS-010,TT-SEC-04-20260912-0945,SEC-04,S&T,High,8,3.0,3.0,0.0,True,tight_fit,False,Medium,Timetable,2026-09-12T09:45:00,2026-09-12T12:45:00,1,80.0,Optimal fit with minimal idle window; Day shadow window on medium density line
SMMS-010,GF-SEC-04-20260912-1245,SEC-04,S&T,High,8,3.0,1.5,-1.5,False,insufficient_duration,False,Low,GoodsForecast,2026-09-12T12:45:00,2026-09-12T14:15:00,1,35.0,"Slot duration 1.5h is less than required 3.0h; Day shadow window on medium density line; Utilizes dynamic goods cancellation slot, protecting timetable paths"
SMMS-010,TT-SEC-04-20260913-0200,SEC-04,S&T,High,8,3.0,3.0,0.0,True,tight_fit,True,Medium,Timetable,2026-09-13T02:00:00,2026-09-13T05:00:00,1,95.0,Optimal fit with minimal idle window; High criticality matched to safe night corridor
SMMS-010,TT-SEC-04-20260916-0200,SEC-04,S&T,High,8,3.0,3.0,0.0,True,tight_fit,True,Medium,Timetable,2026-09-16T02:00:00,2026-09-16T05:00:00,1,95.0,Optimal fit with minimal idle window; High criticality matched to safe night corridor
SMMS-010,TT-SEC-04-20260920-0200,SEC-04,S&T,High,8,3.0,3.0,0.0,True,tight_fit,True,Medium,Timetable,2026-09-20T02:00:00,2026-09-20T05:00:00,1,95.0,Optimal fit with minimal idle window; High criticality matched to safe night corridor
SMMS-010,TT-SEC-04-20260923-0200,SEC-04,S&T,High,8,3.0,3.0,0.0,True,tight_fit,True,Medium,Timetable,2026-09-23T02:00:00,2026-09-23T05:00:00,1,95.0,Optimal fit with minimal idle window; High criticality matched to safe night corridor
SMMS-010,TT-SEC-04-20260927-0200,SEC-04,S&T,High,8,3.0,3.0,0.0,True,tight_fit,True,Medium,Timetable,2026-09-27T02:00:00,2026-09-27T05:00:00,1,95.0,Optimal fit with minimal idle window; High criticality matched to safe night corridor
SMMS-010,TT-SEC-04-20260930-0200,SEC-04,S&T,High,8,3.0,3.0,0.0,True,tight_fit,True,Medium,Timetable,2026-09-30T02:00:00,2026-09-30T05:00:00,1,95.0,Optimal fit with minimal idle window; High criticality matched to safe night corridor
SMMS-011,TT-SEC-05-20260907-0020,SEC-05,S&T,Medium,7,3.5,3.5,0.0,True,tight_fit,True,High,Timetable,2026-09-07T00:20:00,2026-09-07T03:50:00,2,85.0,Optimal fit with minimal idle window
SMMS-011,GF-SEC-05-20260907-0350,SEC-05,S&T,Medium,7,3.5,1.5,-2.0,False,insufficient_duration,True,Low,GoodsForecast,2026-09-07T03:50:00,2026-09-07T05:20:00,1,40.0,"Slot duration 1.5h is less than required 3.5h; Utilizes dynamic goods cancellation slot, protecting timetable paths"
SMMS-011,TT-SEC-05-20260908-0020,SEC-05,S&T,Medium,7,3.5,3.5,0.0,True,tight_fit,True,High,Timetable,2026-09-08T00:20:00,2026-09-08T03:50:00,2,85.0,Optimal fit with minimal idle window
SMMS-011,TT-SEC-05-20260909-0020,SEC-05,S&T,Medium,7,3.5,3.5,0.0,True,tight_fit,True,High,Timetable,2026-09-09T00:20:00,2026-09-09T03:50:00,2,85.0,Optimal fit with minimal idle window
SMMS-011,TT-SEC-05-20260910-0020,SEC-05,S&T,Medium,7,3.5,3.5,0.0,True,tight_fit,True,High,Timetable,2026-09-10T00:20:00,2026-09-10T03:50:00,2,85.0,Optimal fit with minimal idle window
SMMS-011,GF-SEC-05-20260910-0350,SEC-05,S&T,Medium,7,3.5,1.5,-2.0,False,insufficient_duration,True,Low,GoodsForecast,2026-09-10T03:50:00,2026-09-10T05:20:00,1,40.0,"Slot duration 1.5h is less than required 3.5h; Utilizes dynamic goods cancellation slot, protecting timetable paths"
SMMS-011,TT-SEC-05-20260911-0020,SEC-05,S&T,Medium,7,3.5,3.5,0.0,True,tight_fit,True,High,Timetable,2026-09-11T00:20:00,2026-09-11T03:50:00,2,85.0,Optimal fit with minimal idle window
SMMS-011,TT-SEC-05-20260912-0020,SEC-05,S&T,Medium,7,3.5,3.5,0.0,True,tight_fit,True,High,Timetable,2026-09-12T00:20:00,2026-09-12T03:50:00,2,85.0,Optimal fit with minimal idle window
SMMS-011,TT-SEC-05-20260913-0020,SEC-05,S&T,Medium,7,3.5,4.0,0.5,True,tight_fit,True,High,Timetable,2026-09-13T00:20:00,2026-09-13T04:20:00,2,85.0,Optimal fit with minimal idle window
SMMS-011,TT-SEC-05-20260916-0020,SEC-05,S&T,Medium,7,3.5,3.5,0.0,True,tight_fit,True,High,Timetable,2026-09-16T00:20:00,2026-09-16T03:50:00,2,85.0,Optimal fit with minimal idle window
SMMS-011,TT-SEC-05-20260920-0020,SEC-05,S&T,Medium,7,3.5,4.0,0.5,True,tight_fit,True,High,Timetable,2026-09-20T00:20:00,2026-09-20T04:20:00,2,85.0,Optimal fit with minimal idle window
SMMS-011,GF-SEC-05-20260921-0350,SEC-05,S&T,Medium,7,3.5,1.5,-2.0,False,insufficient_duration,True,Low,GoodsForecast,2026-09-21T03:50:00,2026-09-21T05:20:00,1,40.0,"Slot duration 1.5h is less than required 3.5h; Utilizes dynamic goods cancellation slot, protecting timetable paths"
SMMS-011,TT-SEC-05-20260923-0020,SEC-05,S&T,Medium,7,3.5,3.5,0.0,True,tight_fit,True,High,Timetable,2026-09-23T00:20:00,2026-09-23T03:50:00,2,85.0,Optimal fit with minimal idle window
SMMS-011,TT-SEC-05-20260927-0020,SEC-05,S&T,Medium,7,3.5,4.0,0.5,True,tight_fit,True,High,Timetable,2026-09-27T00:20:00,2026-09-27T04:20:00,2,85.0,Optimal fit with minimal idle window
SMMS-011,TT-SEC-05-20260930-0020,SEC-05,S&T,Medium,7,3.5,3.5,0.0,True,tight_fit,True,High,Timetable,2026-09-30T00:20:00,2026-09-30T03:50:00,2,85.0,Optimal fit with minimal idle window
SMMS-012,TT-SEC-05-20260907-0020,SEC-05,S&T,High,10,4.0,3.5,-0.5,False,insufficient_duration,True,High,Timetable,2026-09-07T00:20:00,2026-09-07T03:50:00,2,40.0,Slot duration 3.5h is less than required 4.0h; High criticality matched to safe night corridor
SMMS-012,GF-SEC-05-20260907-0350,SEC-05,S&T,High,10,4.0,1.5,-2.5,False,insufficient_duration,True,Low,GoodsForecast,2026-09-07T03:50:00,2026-09-07T05:20:00,1,50.0,"Slot duration 1.5h is less than required 4.0h; High criticality matched to safe night corridor; Utilizes dynamic goods cancellation slot, protecting timetable paths"
SMMS-012,TT-SEC-05-20260908-0020,SEC-05,S&T,High,10,4.0,3.5,-0.5,False,insufficient_duration,True,High,Timetable,2026-09-08T00:20:00,2026-09-08T03:50:00,2,40.0,Slot duration 3.5h is less than required 4.0h; High criticality matched to safe night corridor
SMMS-012,TT-SEC-05-20260909-0020,SEC-05,S&T,High,10,4.0,3.5,-0.5,False,insufficient_duration,True,High,Timetable,2026-09-09T00:20:00,2026-09-09T03:50:00,2,40.0,Slot duration 3.5h is less than required 4.0h; High criticality matched to safe night corridor
SMMS-012,TT-SEC-05-20260910-0020,SEC-05,S&T,High,10,4.0,3.5,-0.5,False,insufficient_duration,True,High,Timetable,2026-09-10T00:20:00,2026-09-10T03:50:00,2,40.0,Slot duration 3.5h is less than required 4.0h; High criticality matched to safe night corridor
SMMS-012,GF-SEC-05-20260910-0350,SEC-05,S&T,High,10,4.0,1.5,-2.5,False,insufficient_duration,True,Low,GoodsForecast,2026-09-10T03:50:00,2026-09-10T05:20:00,1,50.0,"Slot duration 1.5h is less than required 4.0h; High criticality matched to safe night corridor; Utilizes dynamic goods cancellation slot, protecting timetable paths"
SMMS-012,TT-SEC-05-20260911-0020,SEC-05,S&T,High,10,4.0,3.5,-0.5,False,insufficient_duration,True,High,Timetable,2026-09-11T00:20:00,2026-09-11T03:50:00,2,40.0,Slot duration 3.5h is less than required 4.0h; High criticality matched to safe night corridor
SMMS-012,TT-SEC-05-20260912-0020,SEC-05,S&T,High,10,4.0,3.5,-0.5,False,insufficient_duration,True,High,Timetable,2026-09-12T00:20:00,2026-09-12T03:50:00,2,40.0,Slot duration 3.5h is less than required 4.0h; High criticality matched to safe night corridor
SMMS-012,TT-SEC-05-20260913-0020,SEC-05,S&T,High,10,4.0,4.0,0.0,True,tight_fit,True,High,Timetable,2026-09-13T00:20:00,2026-09-13T04:20:00,2,95.0,Optimal fit with minimal idle window; High criticality matched to safe night corridor
SMMS-012,TT-SEC-05-20260916-0020,SEC-05,S&T,High,10,4.0,3.5,-0.5,False,insufficient_duration,True,High,Timetable,2026-09-16T00:20:00,2026-09-16T03:50:00,2,40.0,Slot duration 3.5h is less than required 4.0h; High criticality matched to safe night corridor
SMMS-012,TT-SEC-05-20260920-0020,SEC-05,S&T,High,10,4.0,4.0,0.0,True,tight_fit,True,High,Timetable,2026-09-20T00:20:00,2026-09-20T04:20:00,2,95.0,Optimal fit with minimal idle window; High criticality matched to safe night corridor
SMMS-012,GF-SEC-05-20260921-0350,SEC-05,S&T,High,10,4.0,1.5,-2.5,False,insufficient_duration,True,Low,GoodsForecast,2026-09-21T03:50:00,2026-09-21T05:20:00,1,50.0,"Slot duration 1.5h is less than required 4.0h; High criticality matched to safe night corridor; Utilizes dynamic goods cancellation slot, protecting timetable paths"
SMMS-012,TT-SEC-05-20260923-0020,SEC-05,S&T,High,10,4.0,3.5,-0.5,False,insufficient_duration,True,High,Timetable,2026-09-23T00:20:00,2026-09-23T03:50:00,2,40.0,Slot duration 3.5h is less than required 4.0h; High criticality matched to safe night corridor
SMMS-012,TT-SEC-05-20260927-0020,SEC-05,S&T,High,10,4.0,4.0,0.0,True,tight_fit,True,High,Timetable,2026-09-27T00:20:00,2026-09-27T04:20:00,2,95.0,Optimal fit with minimal idle window; High criticality matched to safe night corridor
SMMS-012,TT-SEC-05-20260930-0020,SEC-05,S&T,High,10,4.0,3.5,-0.5,False,insufficient_duration,True,High,Timetable,2026-09-30T00:20:00,2026-09-30T03:50:00,2,40.0,Slot duration 3.5h is less than required 4.0h; High criticality matched to safe night corridor
SMMS-013,TT-SEC-05-20260907-0020,SEC-05,S&T,Medium,5,2.5,3.5,1.0,True,comfortable_fit,True,High,Timetable,2026-09-07T00:20:00,2026-09-07T03:50:00,2,80.0,Adequate buffer for setup and clearance
SMMS-013,GF-SEC-05-20260907-0350,SEC-05,S&T,Medium,5,2.5,1.5,-1.0,False,insufficient_duration,True,Low,GoodsForecast,2026-09-07T03:50:00,2026-09-07T05:20:00,1,40.0,"Slot duration 1.5h is less than required 2.5h; Utilizes dynamic goods cancellation slot, protecting timetable paths"
SMMS-013,TT-SEC-05-20260908-0020,SEC-05,S&T,Medium,5,2.5,3.5,1.0,True,comfortable_fit,True,High,Timetable,2026-09-08T00:20:00,2026-09-08T03:50:00,2,80.0,Adequate buffer for setup and clearance
SMMS-013,TT-SEC-05-20260909-0020,SEC-05,S&T,Medium,5,2.5,3.5,1.0,True,comfortable_fit,True,High,Timetable,2026-09-09T00:20:00,2026-09-09T03:50:00,2,80.0,Adequate buffer for setup and clearance
SMMS-013,TT-SEC-05-20260910-0020,SEC-05,S&T,Medium,5,2.5,3.5,1.0,True,comfortable_fit,True,High,Timetable,2026-09-10T00:20:00,2026-09-10T03:50:00,2,80.0,Adequate buffer for setup and clearance
SMMS-013,GF-SEC-05-20260910-0350,SEC-05,S&T,Medium,5,2.5,1.5,-1.0,False,insufficient_duration,True,Low,GoodsForecast,2026-09-10T03:50:00,2026-09-10T05:20:00,1,40.0,"Slot duration 1.5h is less than required 2.5h; Utilizes dynamic goods cancellation slot, protecting timetable paths"
SMMS-013,TT-SEC-05-20260911-0020,SEC-05,S&T,Medium,5,2.5,3.5,1.0,True,comfortable_fit,True,High,Timetable,2026-09-11T00:20:00,2026-09-11T03:50:00,2,80.0,Adequate buffer for setup and clearance
SMMS-013,TT-SEC-05-20260912-0020,SEC-05,S&T,Medium,5,2.5,3.5,1.0,True,comfortable_fit,True,High,Timetable,2026-09-12T00:20:00,2026-09-12T03:50:00,2,80.0,Adequate buffer for setup and clearance
SMMS-013,TT-SEC-05-20260913-0020,SEC-05,S&T,Medium,5,2.5,4.0,1.5,True,comfortable_fit,True,High,Timetable,2026-09-13T00:20:00,2026-09-13T04:20:00,2,80.0,Adequate buffer for setup and clearance
SMMS-013,TT-SEC-05-20260916-0020,SEC-05,S&T,Medium,5,2.5,3.5,1.0,True,comfortable_fit,True,High,Timetable,2026-09-16T00:20:00,2026-09-16T03:50:00,2,80.0,Adequate buffer for setup and clearance
SMMS-013,TT-SEC-05-20260920-0020,SEC-05,S&T,Medium,5,2.5,4.0,1.5,True,comfortable_fit,True,High,Timetable,2026-09-20T00:20:00,2026-09-20T04:20:00,2,80.0,Adequate buffer for setup and clearance
SMMS-013,GF-SEC-05-20260921-0350,SEC-05,S&T,Medium,5,2.5,1.5,-1.0,False,insufficient_duration,True,Low,GoodsForecast,2026-09-21T03:50:00,2026-09-21T05:20:00,1,40.0,"Slot duration 1.5h is less than required 2.5h; Utilizes dynamic goods cancellation slot, protecting timetable paths"
SMMS-013,TT-SEC-05-20260923-0020,SEC-05,S&T,Medium,5,2.5,3.5,1.0,True,comfortable_fit,True,High,Timetable,2026-09-23T00:20:00,2026-09-23T03:50:00,2,80.0,Adequate buffer for setup and clearance
SMMS-013,TT-SEC-05-20260927-0020,SEC-05,S&T,Medium,5,2.5,4.0,1.5,True,comfortable_fit,True,High,Timetable,2026-09-27T00:20:00,2026-09-27T04:20:00,2,80.0,Adequate buffer for setup and clearance
SMMS-013,TT-SEC-05-20260930-0020,SEC-05,S&T,Medium,5,2.5,3.5,1.0,True,comfortable_fit,True,High,Timetable,2026-09-30T00:20:00,2026-09-30T03:50:00,2,80.0,Adequate buffer for setup and clearance
SMMS-014,TT-SEC-01-20260907-0040,SEC-01,S&T,Low,4,3.0,3.5,0.5,True,tight_fit,True,High,Timetable,2026-09-07T00:40:00,2026-09-07T04:10:00,2,90.0,Optimal fit with minimal idle window; High backlog age (27 days) boosts priority
SMMS-014,TT-SEC-01-20260908-0040,SEC-01,S&T,Low,4,3.0,3.5,0.5,True,tight_fit,True,High,Timetable,2026-09-08T00:40:00,2026-09-08T04:10:00,2,90.0,Optimal fit with minimal idle window; High backlog age (27 days) boosts priority
SMMS-014,GF-SEC-01-20260908-0410,SEC-01,S&T,Low,4,3.0,1.5,-1.5,False,insufficient_duration,True,Low,GoodsForecast,2026-09-08T04:10:00,2026-09-08T05:40:00,1,45.0,"Slot duration 1.5h is less than required 3.0h; Utilizes dynamic goods cancellation slot, protecting timetable paths; High backlog age (27 days) boosts priority"
SMMS-014,TT-SEC-01-20260909-0040,SEC-01,S&T,Low,4,3.0,3.5,0.5,True,tight_fit,True,High,Timetable,2026-09-09T00:40:00,2026-09-09T04:10:00,2,90.0,Optimal fit with minimal idle window; High backlog age (27 days) boosts priority
SMMS-014,TT-SEC-01-20260910-0040,SEC-01,S&T,Low,4,3.0,3.5,0.5,True,tight_fit,True,High,Timetable,2026-09-10T00:40:00,2026-09-10T04:10:00,2,90.0,Optimal fit with minimal idle window; High backlog age (27 days) boosts priority
SMMS-014,GF-SEC-01-20260910-0410,SEC-01,S&T,Low,4,3.0,1.5,-1.5,False,insufficient_duration,True,Low,GoodsForecast,2026-09-10T04:10:00,2026-09-10T05:40:00,1,45.0,"Slot duration 1.5h is less than required 3.0h; Utilizes dynamic goods cancellation slot, protecting timetable paths; High backlog age (27 days) boosts priority"
SMMS-014,TT-SEC-01-20260911-0040,SEC-01,S&T,Low,4,3.0,3.5,0.5,True,tight_fit,True,High,Timetable,2026-09-11T00:40:00,2026-09-11T04:10:00,2,90.0,Optimal fit with minimal idle window; High backlog age (27 days) boosts priority
SMMS-014,TT-SEC-01-20260912-0040,SEC-01,S&T,Low,4,3.0,3.5,0.5,True,tight_fit,True,High,Timetable,2026-09-12T00:40:00,2026-09-12T04:10:00,2,90.0,Optimal fit with minimal idle window; High backlog age (27 days) boosts priority
SMMS-014,GF-SEC-01-20260912-0410,SEC-01,S&T,Low,4,3.0,1.5,-1.5,False,insufficient_duration,True,Low,GoodsForecast,2026-09-12T04:10:00,2026-09-12T05:40:00,1,45.0,"Slot duration 1.5h is less than required 3.0h; Utilizes dynamic goods cancellation slot, protecting timetable paths; High backlog age (27 days) boosts priority"
SMMS-014,TT-SEC-01-20260913-0040,SEC-01,S&T,Low,4,3.0,4.0,1.0,True,comfortable_fit,True,High,Timetable,2026-09-13T00:40:00,2026-09-13T04:40:00,2,85.0,Adequate buffer for setup and clearance; High backlog age (27 days) boosts priority
SMMS-014,TT-SEC-01-20260916-0040,SEC-01,S&T,Low,4,3.0,3.5,0.5,True,tight_fit,True,High,Timetable,2026-09-16T00:40:00,2026-09-16T04:10:00,2,90.0,Optimal fit with minimal idle window; High backlog age (27 days) boosts priority
SMMS-014,GF-SEC-01-20260916-0410,SEC-01,S&T,Low,4,3.0,1.5,-1.5,False,insufficient_duration,True,Low,GoodsForecast,2026-09-16T04:10:00,2026-09-16T05:40:00,1,45.0,"Slot duration 1.5h is less than required 3.0h; Utilizes dynamic goods cancellation slot, protecting timetable paths; High backlog age (27 days) boosts priority"
SMMS-014,TT-SEC-01-20260920-0040,SEC-01,S&T,Low,4,3.0,4.0,1.0,True,comfortable_fit,True,High,Timetable,2026-09-20T00:40:00,2026-09-20T04:40:00,2,85.0,Adequate buffer for setup and clearance; High backlog age (27 days) boosts priority
SMMS-014,TT-SEC-01-20260923-0040,SEC-01,S&T,Low,4,3.0,3.5,0.5,True,tight_fit,True,High,Timetable,2026-09-23T00:40:00,2026-09-23T04:10:00,2,90.0,Optimal fit with minimal idle window; High backlog age (27 days) boosts priority
SMMS-014,GF-SEC-01-20260923-0410,SEC-01,S&T,Low,4,3.0,1.5,-1.5,False,insufficient_duration,True,Low,GoodsForecast,2026-09-23T04:10:00,2026-09-23T05:40:00,1,45.0,"Slot duration 1.5h is less than required 3.0h; Utilizes dynamic goods cancellation slot, protecting timetable paths; High backlog age (27 days) boosts priority"
SMMS-014,TT-SEC-01-20260927-0040,SEC-01,S&T,Low,4,3.0,4.0,1.0,True,comfortable_fit,True,High,Timetable,2026-09-27T00:40:00,2026-09-27T04:40:00,2,85.0,Adequate buffer for setup and clearance; High backlog age (27 days) boosts priority
SMMS-014,TT-SEC-01-20260930-0040,SEC-01,S&T,Low,4,3.0,3.5,0.5,True,tight_fit,True,High,Timetable,2026-09-30T00:40:00,2026-09-30T04:10:00,2,90.0,Optimal fit with minimal idle window; High backlog age (27 days) boosts priority
SMMS-015,TT-SEC-02-20260907-0110,SEC-02,S&T,Medium,7,3.0,3.17,0.17,True,tight_fit,True,High,Timetable,2026-09-07T01:10:00,2026-09-07T04:20:00,1,85.0,Optimal fit with minimal idle window
SMMS-015,TT-SEC-02-20260908-0110,SEC-02,S&T,Medium,7,3.0,3.17,0.17,True,tight_fit,True,High,Timetable,2026-09-08T01:10:00,2026-09-08T04:20:00,1,85.0,Optimal fit with minimal idle window
SMMS-015,TT-SEC-02-20260909-0110,SEC-02,S&T,Medium,7,3.0,3.17,0.17,True,tight_fit,True,High,Timetable,2026-09-09T01:10:00,2026-09-09T04:20:00,1,85.0,Optimal fit with minimal idle window
SMMS-015,GF-SEC-02-20260909-0420,SEC-02,S&T,Medium,7,3.0,1.5,-1.5,False,insufficient_duration,True,Low,GoodsForecast,2026-09-09T04:20:00,2026-09-09T05:50:00,1,40.0,"Slot duration 1.5h is less than required 3.0h; Utilizes dynamic goods cancellation slot, protecting timetable paths"
SMMS-015,TT-SEC-02-20260910-0110,SEC-02,S&T,Medium,7,3.0,3.17,0.17,True,tight_fit,True,High,Timetable,2026-09-10T01:10:00,2026-09-10T04:20:00,1,85.0,Optimal fit with minimal idle window
SMMS-015,TT-SEC-02-20260911-0110,SEC-02,S&T,Medium,7,3.0,3.17,0.17,True,tight_fit,True,High,Timetable,2026-09-11T01:10:00,2026-09-11T04:20:00,1,85.0,Optimal fit with minimal idle window
SMMS-015,GF-SEC-02-20260911-0420,SEC-02,S&T,Medium,7,3.0,1.5,-1.5,False,insufficient_duration,True,Low,GoodsForecast,2026-09-11T04:20:00,2026-09-11T05:50:00,1,40.0,"Slot duration 1.5h is less than required 3.0h; Utilizes dynamic goods cancellation slot, protecting timetable paths"
SMMS-015,TT-SEC-02-20260912-0110,SEC-02,S&T,Medium,7,3.0,3.17,0.17,True,tight_fit,True,High,Timetable,2026-09-12T01:10:00,2026-09-12T04:20:00,1,85.0,Optimal fit with minimal idle window
SMMS-015,TT-SEC-02-20260913-0110,SEC-02,S&T,Medium,7,3.0,3.67,0.67,True,comfortable_fit,True,High,Timetable,2026-09-13T01:10:00,2026-09-13T04:50:00,2,80.0,Adequate buffer for setup and clearance
SMMS-015,TT-SEC-02-20260916-0110,SEC-02,S&T,Medium,7,3.0,3.17,0.17,True,tight_fit,True,High,Timetable,2026-09-16T01:10:00,2026-09-16T04:20:00,1,85.0,Optimal fit with minimal idle window
SMMS-015,GF-SEC-02-20260918-0420,SEC-02,S&T,Medium,7,3.0,1.5,-1.5,False,insufficient_duration,True,Low,GoodsForecast,2026-09-18T04:20:00,2026-09-18T05:50:00,1,40.0,"Slot duration 1.5h is less than required 3.0h; Utilizes dynamic goods cancellation slot, protecting timetable paths"
SMMS-015,TT-SEC-02-20260920-0110,SEC-02,S&T,Medium,7,3.0,3.67,0.67,True,comfortable_fit,True,High,Timetable,2026-09-20T01:10:00,2026-09-20T04:50:00,2,80.0,Adequate buffer for setup and clearance
SMMS-015,TT-SEC-02-20260923-0110,SEC-02,S&T,Medium,7,3.0,3.17,0.17,True,tight_fit,True,High,Timetable,2026-09-23T01:10:00,2026-09-23T04:20:00,1,85.0,Optimal fit with minimal idle window
SMMS-015,TT-SEC-02-20260927-0110,SEC-02,S&T,Medium,7,3.0,3.67,0.67,True,comfortable_fit,True,High,Timetable,2026-09-27T01:10:00,2026-09-27T04:50:00,2,80.0,Adequate buffer for setup and clearance
SMMS-015,TT-SEC-02-20260930-0110,SEC-02,S&T,Medium,7,3.0,3.17,0.17,True,tight_fit,True,High,Timetable,2026-09-30T01:10:00,2026-09-30T04:20:00,1,85.0,Optimal fit with minimal idle window
SMMS-016,TT-SEC-01-20260907-0040,SEC-01,S&T,Low,3,2.5,3.5,1.0,True,comfortable_fit,True,High,Timetable,2026-09-07T00:40:00,2026-09-07T04:10:00,2,85.0,Adequate buffer for setup and clearance; High backlog age (36 days) boosts priority
SMMS-016,TT-SEC-01-20260908-0040,SEC-01,S&T,Low,3,2.5,3.5,1.0,True,comfortable_fit,True,High,Timetable,2026-09-08T00:40:00,2026-09-08T04:10:00,2,85.0,Adequate buffer for setup and clearance; High backlog age (36 days) boosts priority
SMMS-016,GF-SEC-01-20260908-0410,SEC-01,S&T,Low,3,2.5,1.5,-1.0,False,insufficient_duration,True,Low,GoodsForecast,2026-09-08T04:10:00,2026-09-08T05:40:00,1,45.0,"Slot duration 1.5h is less than required 2.5h; Utilizes dynamic goods cancellation slot, protecting timetable paths; High backlog age (36 days) boosts priority"
SMMS-016,TT-SEC-01-20260909-0040,SEC-01,S&T,Low,3,2.5,3.5,1.0,True,comfortable_fit,True,High,Timetable,2026-09-09T00:40:00,2026-09-09T04:10:00,2,85.0,Adequate buffer for setup and clearance; High backlog age (36 days) boosts priority
SMMS-016,TT-SEC-01-20260910-0040,SEC-01,S&T,Low,3,2.5,3.5,1.0,True,comfortable_fit,True,High,Timetable,2026-09-10T00:40:00,2026-09-10T04:10:00,2,85.0,Adequate buffer for setup and clearance; High backlog age (36 days) boosts priority
SMMS-016,GF-SEC-01-20260910-0410,SEC-01,S&T,Low,3,2.5,1.5,-1.0,False,insufficient_duration,True,Low,GoodsForecast,2026-09-10T04:10:00,2026-09-10T05:40:00,1,45.0,"Slot duration 1.5h is less than required 2.5h; Utilizes dynamic goods cancellation slot, protecting timetable paths; High backlog age (36 days) boosts priority"
SMMS-016,TT-SEC-01-20260911-0040,SEC-01,S&T,Low,3,2.5,3.5,1.0,True,comfortable_fit,True,High,Timetable,2026-09-11T00:40:00,2026-09-11T04:10:00,2,85.0,Adequate buffer for setup and clearance; High backlog age (36 days) boosts priority
SMMS-016,TT-SEC-01-20260912-0040,SEC-01,S&T,Low,3,2.5,3.5,1.0,True,comfortable_fit,True,High,Timetable,2026-09-12T00:40:00,2026-09-12T04:10:00,2,85.0,Adequate buffer for setup and clearance; High backlog age (36 days) boosts priority
SMMS-016,GF-SEC-01-20260912-0410,SEC-01,S&T,Low,3,2.5,1.5,-1.0,False,insufficient_duration,True,Low,GoodsForecast,2026-09-12T04:10:00,2026-09-12T05:40:00,1,45.0,"Slot duration 1.5h is less than required 2.5h; Utilizes dynamic goods cancellation slot, protecting timetable paths; High backlog age (36 days) boosts priority"
SMMS-016,TT-SEC-01-20260913-0040,SEC-01,S&T,Low,3,2.5,4.0,1.5,True,comfortable_fit,True,High,Timetable,2026-09-13T00:40:00,2026-09-13T04:40:00,2,85.0,Adequate buffer for setup and clearance; High backlog age (36 days) boosts priority
SMMS-016,TT-SEC-01-20260916-0040,SEC-01,S&T,Low,3,2.5,3.5,1.0,True,comfortable_fit,True,High,Timetable,2026-09-16T00:40:00,2026-09-16T04:10:00,2,85.0,Adequate buffer for setup and clearance; High backlog age (36 days) boosts priority
SMMS-016,GF-SEC-01-20260916-0410,SEC-01,S&T,Low,3,2.5,1.5,-1.0,False,insufficient_duration,True,Low,GoodsForecast,2026-09-16T04:10:00,2026-09-16T05:40:00,1,45.0,"Slot duration 1.5h is less than required 2.5h; Utilizes dynamic goods cancellation slot, protecting timetable paths; High backlog age (36 days) boosts priority"
SMMS-016,TT-SEC-01-20260920-0040,SEC-01,S&T,Low,3,2.5,4.0,1.5,True,comfortable_fit,True,High,Timetable,2026-09-20T00:40:00,2026-09-20T04:40:00,2,85.0,Adequate buffer for setup and clearance; High backlog age (36 days) boosts priority
SMMS-016,TT-SEC-01-20260923-0040,SEC-01,S&T,Low,3,2.5,3.5,1.0,True,comfortable_fit,True,High,Timetable,2026-09-23T00:40:00,2026-09-23T04:10:00,2,85.0,Adequate buffer for setup and clearance; High backlog age (36 days) boosts priority
SMMS-016,GF-SEC-01-20260923-0410,SEC-01,S&T,Low,3,2.5,1.5,-1.0,False,insufficient_duration,True,Low,GoodsForecast,2026-09-23T04:10:00,2026-09-23T05:40:00,1,45.0,"Slot duration 1.5h is less than required 2.5h; Utilizes dynamic goods cancellation slot, protecting timetable paths; High backlog age (36 days) boosts priority"
SMMS-016,TT-SEC-01-20260927-0040,SEC-01,S&T,Low,3,2.5,4.0,1.5,True,comfortable_fit,True,High,Timetable,2026-09-27T00:40:00,2026-09-27T04:40:00,2,85.0,Adequate buffer for setup and clearance; High backlog age (36 days) boosts priority
SMMS-016,TT-SEC-01-20260930-0040,SEC-01,S&T,Low,3,2.5,3.5,1.0,True,comfortable_fit,True,High,Timetable,2026-09-30T00:40:00,2026-09-30T04:10:00,2,85.0,Adequate buffer for setup and clearance; High backlog age (36 days) boosts priority
TDMS-001,TT-SEC-01-20260907-0040,SEC-01,TRD,High,9,3.5,3.5,0.0,True,tight_fit,True,High,Timetable,2026-09-07T00:40:00,2026-09-07T04:10:00,2,95.0,Optimal fit with minimal idle window; High criticality matched to safe night corridor
TDMS-001,TT-SEC-01-20260908-0040,SEC-01,TRD,High,9,3.5,3.5,0.0,True,tight_fit,True,High,Timetable,2026-09-08T00:40:00,2026-09-08T04:10:00,2,95.0,Optimal fit with minimal idle window; High criticality matched to safe night corridor
TDMS-001,GF-SEC-01-20260908-0410,SEC-01,TRD,High,9,3.5,1.5,-2.0,False,insufficient_duration,True,Low,GoodsForecast,2026-09-08T04:10:00,2026-09-08T05:40:00,1,50.0,"Slot duration 1.5h is less than required 3.5h; High criticality matched to safe night corridor; Utilizes dynamic goods cancellation slot, protecting timetable paths"
TDMS-001,TT-SEC-01-20260909-0040,SEC-01,TRD,High,9,3.5,3.5,0.0,True,tight_fit,True,High,Timetable,2026-09-09T00:40:00,2026-09-09T04:10:00,2,95.0,Optimal fit with minimal idle window; High criticality matched to safe night corridor
TDMS-001,TT-SEC-01-20260910-0040,SEC-01,TRD,High,9,3.5,3.5,0.0,True,tight_fit,True,High,Timetable,2026-09-10T00:40:00,2026-09-10T04:10:00,2,95.0,Optimal fit with minimal idle window; High criticality matched to safe night corridor
TDMS-001,GF-SEC-01-20260910-0410,SEC-01,TRD,High,9,3.5,1.5,-2.0,False,insufficient_duration,True,Low,GoodsForecast,2026-09-10T04:10:00,2026-09-10T05:40:00,1,50.0,"Slot duration 1.5h is less than required 3.5h; High criticality matched to safe night corridor; Utilizes dynamic goods cancellation slot, protecting timetable paths"
TDMS-001,TT-SEC-01-20260911-0040,SEC-01,TRD,High,9,3.5,3.5,0.0,True,tight_fit,True,High,Timetable,2026-09-11T00:40:00,2026-09-11T04:10:00,2,95.0,Optimal fit with minimal idle window; High criticality matched to safe night corridor
TDMS-001,TT-SEC-01-20260912-0040,SEC-01,TRD,High,9,3.5,3.5,0.0,True,tight_fit,True,High,Timetable,2026-09-12T00:40:00,2026-09-12T04:10:00,2,95.0,Optimal fit with minimal idle window; High criticality matched to safe night corridor
TDMS-001,GF-SEC-01-20260912-0410,SEC-01,TRD,High,9,3.5,1.5,-2.0,False,insufficient_duration,True,Low,GoodsForecast,2026-09-12T04:10:00,2026-09-12T05:40:00,1,50.0,"Slot duration 1.5h is less than required 3.5h; High criticality matched to safe night corridor; Utilizes dynamic goods cancellation slot, protecting timetable paths"
TDMS-001,TT-SEC-01-20260913-0040,SEC-01,TRD,High,9,3.5,4.0,0.5,True,tight_fit,True,High,Timetable,2026-09-13T00:40:00,2026-09-13T04:40:00,2,95.0,Optimal fit with minimal idle window; High criticality matched to safe night corridor
TDMS-001,TT-SEC-01-20260916-0040,SEC-01,TRD,High,9,3.5,3.5,0.0,True,tight_fit,True,High,Timetable,2026-09-16T00:40:00,2026-09-16T04:10:00,2,95.0,Optimal fit with minimal idle window; High criticality matched to safe night corridor
TDMS-001,GF-SEC-01-20260916-0410,SEC-01,TRD,High,9,3.5,1.5,-2.0,False,insufficient_duration,True,Low,GoodsForecast,2026-09-16T04:10:00,2026-09-16T05:40:00,1,50.0,"Slot duration 1.5h is less than required 3.5h; High criticality matched to safe night corridor; Utilizes dynamic goods cancellation slot, protecting timetable paths"
TDMS-001,TT-SEC-01-20260920-0040,SEC-01,TRD,High,9,3.5,4.0,0.5,True,tight_fit,True,High,Timetable,2026-09-20T00:40:00,2026-09-20T04:40:00,2,95.0,Optimal fit with minimal idle window; High criticality matched to safe night corridor
TDMS-001,TT-SEC-01-20260923-0040,SEC-01,TRD,High,9,3.5,3.5,0.0,True,tight_fit,True,High,Timetable,2026-09-23T00:40:00,2026-09-23T04:10:00,2,95.0,Optimal fit with minimal idle window; High criticality matched to safe night corridor
TDMS-001,GF-SEC-01-20260923-0410,SEC-01,TRD,High,9,3.5,1.5,-2.0,False,insufficient_duration,True,Low,GoodsForecast,2026-09-23T04:10:00,2026-09-23T05:40:00,1,50.0,"Slot duration 1.5h is less than required 3.5h; High criticality matched to safe night corridor; Utilizes dynamic goods cancellation slot, protecting timetable paths"
TDMS-001,TT-SEC-01-20260927-0040,SEC-01,TRD,High,9,3.5,4.0,0.5,True,tight_fit,True,High,Timetable,2026-09-27T00:40:00,2026-09-27T04:40:00,2,95.0,Optimal fit with minimal idle window; High criticality matched to safe night corridor
TDMS-001,TT-SEC-01-20260930-0040,SEC-01,TRD,High,9,3.5,3.5,0.0,True,tight_fit,True,High,Timetable,2026-09-30T00:40:00,2026-09-30T04:10:00,2,95.0,Optimal fit with minimal idle window; High criticality matched to safe night corridor
TDMS-002,TT-SEC-01-20260907-0040,SEC-01,TRD,High,9,3.5,3.5,0.0,True,tight_fit,True,High,Timetable,2026-09-07T00:40:00,2026-09-07T04:10:00,2,95.0,Optimal fit with minimal idle window; High criticality matched to safe night corridor
TDMS-002,TT-SEC-01-20260908-0040,SEC-01,TRD,High,9,3.5,3.5,0.0,True,tight_fit,True,High,Timetable,2026-09-08T00:40:00,2026-09-08T04:10:00,2,95.0,Optimal fit with minimal idle window; High criticality matched to safe night corridor
TDMS-002,GF-SEC-01-20260908-0410,SEC-01,TRD,High,9,3.5,1.5,-2.0,False,insufficient_duration,True,Low,GoodsForecast,2026-09-08T04:10:00,2026-09-08T05:40:00,1,50.0,"Slot duration 1.5h is less than required 3.5h; High criticality matched to safe night corridor; Utilizes dynamic goods cancellation slot, protecting timetable paths"
TDMS-002,TT-SEC-01-20260909-0040,SEC-01,TRD,High,9,3.5,3.5,0.0,True,tight_fit,True,High,Timetable,2026-09-09T00:40:00,2026-09-09T04:10:00,2,95.0,Optimal fit with minimal idle window; High criticality matched to safe night corridor
TDMS-002,TT-SEC-01-20260910-0040,SEC-01,TRD,High,9,3.5,3.5,0.0,True,tight_fit,True,High,Timetable,2026-09-10T00:40:00,2026-09-10T04:10:00,2,95.0,Optimal fit with minimal idle window; High criticality matched to safe night corridor
TDMS-002,GF-SEC-01-20260910-0410,SEC-01,TRD,High,9,3.5,1.5,-2.0,False,insufficient_duration,True,Low,GoodsForecast,2026-09-10T04:10:00,2026-09-10T05:40:00,1,50.0,"Slot duration 1.5h is less than required 3.5h; High criticality matched to safe night corridor; Utilizes dynamic goods cancellation slot, protecting timetable paths"
TDMS-002,TT-SEC-01-20260911-0040,SEC-01,TRD,High,9,3.5,3.5,0.0,True,tight_fit,True,High,Timetable,2026-09-11T00:40:00,2026-09-11T04:10:00,2,95.0,Optimal fit with minimal idle window; High criticality matched to safe night corridor
TDMS-002,TT-SEC-01-20260912-0040,SEC-01,TRD,High,9,3.5,3.5,0.0,True,tight_fit,True,High,Timetable,2026-09-12T00:40:00,2026-09-12T04:10:00,2,95.0,Optimal fit with minimal idle window; High criticality matched to safe night corridor
TDMS-002,GF-SEC-01-20260912-0410,SEC-01,TRD,High,9,3.5,1.5,-2.0,False,insufficient_duration,True,Low,GoodsForecast,2026-09-12T04:10:00,2026-09-12T05:40:00,1,50.0,"Slot duration 1.5h is less than required 3.5h; High criticality matched to safe night corridor; Utilizes dynamic goods cancellation slot, protecting timetable paths"
TDMS-002,TT-SEC-01-20260913-0040,SEC-01,TRD,High,9,3.5,4.0,0.5,True,tight_fit,True,High,Timetable,2026-09-13T00:40:00,2026-09-13T04:40:00,2,95.0,Optimal fit with minimal idle window; High criticality matched to safe night corridor
TDMS-002,TT-SEC-01-20260916-0040,SEC-01,TRD,High,9,3.5,3.5,0.0,True,tight_fit,True,High,Timetable,2026-09-16T00:40:00,2026-09-16T04:10:00,2,95.0,Optimal fit with minimal idle window; High criticality matched to safe night corridor
TDMS-002,GF-SEC-01-20260916-0410,SEC-01,TRD,High,9,3.5,1.5,-2.0,False,insufficient_duration,True,Low,GoodsForecast,2026-09-16T04:10:00,2026-09-16T05:40:00,1,50.0,"Slot duration 1.5h is less than required 3.5h; High criticality matched to safe night corridor; Utilizes dynamic goods cancellation slot, protecting timetable paths"
TDMS-002,TT-SEC-01-20260920-0040,SEC-01,TRD,High,9,3.5,4.0,0.5,True,tight_fit,True,High,Timetable,2026-09-20T00:40:00,2026-09-20T04:40:00,2,95.0,Optimal fit with minimal idle window; High criticality matched to safe night corridor
TDMS-002,TT-SEC-01-20260923-0040,SEC-01,TRD,High,9,3.5,3.5,0.0,True,tight_fit,True,High,Timetable,2026-09-23T00:40:00,2026-09-23T04:10:00,2,95.0,Optimal fit with minimal idle window; High criticality matched to safe night corridor
TDMS-002,GF-SEC-01-20260923-0410,SEC-01,TRD,High,9,3.5,1.5,-2.0,False,insufficient_duration,True,Low,GoodsForecast,2026-09-23T04:10:00,2026-09-23T05:40:00,1,50.0,"Slot duration 1.5h is less than required 3.5h; High criticality matched to safe night corridor; Utilizes dynamic goods cancellation slot, protecting timetable paths"
TDMS-002,TT-SEC-01-20260927-0040,SEC-01,TRD,High,9,3.5,4.0,0.5,True,tight_fit,True,High,Timetable,2026-09-27T00:40:00,2026-09-27T04:40:00,2,95.0,Optimal fit with minimal idle window; High criticality matched to safe night corridor
TDMS-002,TT-SEC-01-20260930-0040,SEC-01,TRD,High,9,3.5,3.5,0.0,True,tight_fit,True,High,Timetable,2026-09-30T00:40:00,2026-09-30T04:10:00,2,95.0,Optimal fit with minimal idle window; High criticality matched to safe night corridor
TDMS-003,TT-SEC-01-20260907-0040,SEC-01,TRD,Medium,7,3.0,3.5,0.5,True,tight_fit,True,High,Timetable,2026-09-07T00:40:00,2026-09-07T04:10:00,2,85.0,Optimal fit with minimal idle window
TDMS-003,TT-SEC-01-20260908-0040,SEC-01,TRD,Medium,7,3.0,3.5,0.5,True,tight_fit,True,High,Timetable,2026-09-08T00:40:00,2026-09-08T04:10:00,2,85.0,Optimal fit with minimal idle window
TDMS-003,GF-SEC-01-20260908-0410,SEC-01,TRD,Medium,7,3.0,1.5,-1.5,False,insufficient_duration,True,Low,GoodsForecast,2026-09-08T04:10:00,2026-09-08T05:40:00,1,40.0,"Slot duration 1.5h is less than required 3.0h; Utilizes dynamic goods cancellation slot, protecting timetable paths"
TDMS-003,TT-SEC-01-20260909-0040,SEC-01,TRD,Medium,7,3.0,3.5,0.5,True,tight_fit,True,High,Timetable,2026-09-09T00:40:00,2026-09-09T04:10:00,2,85.0,Optimal fit with minimal idle window
TDMS-003,TT-SEC-01-20260910-0040,SEC-01,TRD,Medium,7,3.0,3.5,0.5,True,tight_fit,True,High,Timetable,2026-09-10T00:40:00,2026-09-10T04:10:00,2,85.0,Optimal fit with minimal idle window
TDMS-003,GF-SEC-01-20260910-0410,SEC-01,TRD,Medium,7,3.0,1.5,-1.5,False,insufficient_duration,True,Low,GoodsForecast,2026-09-10T04:10:00,2026-09-10T05:40:00,1,40.0,"Slot duration 1.5h is less than required 3.0h; Utilizes dynamic goods cancellation slot, protecting timetable paths"
TDMS-003,TT-SEC-01-20260911-0040,SEC-01,TRD,Medium,7,3.0,3.5,0.5,True,tight_fit,True,High,Timetable,2026-09-11T00:40:00,2026-09-11T04:10:00,2,85.0,Optimal fit with minimal idle window
TDMS-003,TT-SEC-01-20260912-0040,SEC-01,TRD,Medium,7,3.0,3.5,0.5,True,tight_fit,True,High,Timetable,2026-09-12T00:40:00,2026-09-12T04:10:00,2,85.0,Optimal fit with minimal idle window
TDMS-003,GF-SEC-01-20260912-0410,SEC-01,TRD,Medium,7,3.0,1.5,-1.5,False,insufficient_duration,True,Low,GoodsForecast,2026-09-12T04:10:00,2026-09-12T05:40:00,1,40.0,"Slot duration 1.5h is less than required 3.0h; Utilizes dynamic goods cancellation slot, protecting timetable paths"
TDMS-003,TT-SEC-01-20260913-0040,SEC-01,TRD,Medium,7,3.0,4.0,1.0,True,comfortable_fit,True,High,Timetable,2026-09-13T00:40:00,2026-09-13T04:40:00,2,80.0,Adequate buffer for setup and clearance
TDMS-003,TT-SEC-01-20260916-0040,SEC-01,TRD,Medium,7,3.0,3.5,0.5,True,tight_fit,True,High,Timetable,2026-09-16T00:40:00,2026-09-16T04:10:00,2,85.0,Optimal fit with minimal idle window
TDMS-003,GF-SEC-01-20260916-0410,SEC-01,TRD,Medium,7,3.0,1.5,-1.5,False,insufficient_duration,True,Low,GoodsForecast,2026-09-16T04:10:00,2026-09-16T05:40:00,1,40.0,"Slot duration 1.5h is less than required 3.0h; Utilizes dynamic goods cancellation slot, protecting timetable paths"
TDMS-003,TT-SEC-01-20260920-0040,SEC-01,TRD,Medium,7,3.0,4.0,1.0,True,comfortable_fit,True,High,Timetable,2026-09-20T00:40:00,2026-09-20T04:40:00,2,80.0,Adequate buffer for setup and clearance
TDMS-003,TT-SEC-01-20260923-0040,SEC-01,TRD,Medium,7,3.0,3.5,0.5,True,tight_fit,True,High,Timetable,2026-09-23T00:40:00,2026-09-23T04:10:00,2,85.0,Optimal fit with minimal idle window
TDMS-003,GF-SEC-01-20260923-0410,SEC-01,TRD,Medium,7,3.0,1.5,-1.5,False,insufficient_duration,True,Low,GoodsForecast,2026-09-23T04:10:00,2026-09-23T05:40:00,1,40.0,"Slot duration 1.5h is less than required 3.0h; Utilizes dynamic goods cancellation slot, protecting timetable paths"
TDMS-003,TT-SEC-01-20260927-0040,SEC-01,TRD,Medium,7,3.0,4.0,1.0,True,comfortable_fit,True,High,Timetable,2026-09-27T00:40:00,2026-09-27T04:40:00,2,80.0,Adequate buffer for setup and clearance
TDMS-003,TT-SEC-01-20260930-0040,SEC-01,TRD,Medium,7,3.0,3.5,0.5,True,tight_fit,True,High,Timetable,2026-09-30T00:40:00,2026-09-30T04:10:00,2,85.0,Optimal fit with minimal idle window
TDMS-004,TT-SEC-02-20260907-0110,SEC-02,TRD,High,8,3.0,3.17,0.17,True,tight_fit,True,High,Timetable,2026-09-07T01:10:00,2026-09-07T04:20:00,1,95.0,Optimal fit with minimal idle window; High criticality matched to safe night corridor
TDMS-004,TT-SEC-02-20260908-0110,SEC-02,TRD,High,8,3.0,3.17,0.17,True,tight_fit,True,High,Timetable,2026-09-08T01:10:00,2026-09-08T04:20:00,1,95.0,Optimal fit with minimal idle window; High criticality matched to safe night corridor
TDMS-004,TT-SEC-02-20260909-0110,SEC-02,TRD,High,8,3.0,3.17,0.17,True,tight_fit,True,High,Timetable,2026-09-09T01:10:00,2026-09-09T04:20:00,1,95.0,Optimal fit with minimal idle window; High criticality matched to safe night corridor
TDMS-004,GF-SEC-02-20260909-0420,SEC-02,TRD,High,8,3.0,1.5,-1.5,False,insufficient_duration,True,Low,GoodsForecast,2026-09-09T04:20:00,2026-09-09T05:50:00,1,50.0,"Slot duration 1.5h is less than required 3.0h; High criticality matched to safe night corridor; Utilizes dynamic goods cancellation slot, protecting timetable paths"
TDMS-004,TT-SEC-02-20260910-0110,SEC-02,TRD,High,8,3.0,3.17,0.17,True,tight_fit,True,High,Timetable,2026-09-10T01:10:00,2026-09-10T04:20:00,1,95.0,Optimal fit with minimal idle window; High criticality matched to safe night corridor
TDMS-004,TT-SEC-02-20260911-0110,SEC-02,TRD,High,8,3.0,3.17,0.17,True,tight_fit,True,High,Timetable,2026-09-11T01:10:00,2026-09-11T04:20:00,1,95.0,Optimal fit with minimal idle window; High criticality matched to safe night corridor
TDMS-004,GF-SEC-02-20260911-0420,SEC-02,TRD,High,8,3.0,1.5,-1.5,False,insufficient_duration,True,Low,GoodsForecast,2026-09-11T04:20:00,2026-09-11T05:50:00,1,50.0,"Slot duration 1.5h is less than required 3.0h; High criticality matched to safe night corridor; Utilizes dynamic goods cancellation slot, protecting timetable paths"
TDMS-004,TT-SEC-02-20260912-0110,SEC-02,TRD,High,8,3.0,3.17,0.17,True,tight_fit,True,High,Timetable,2026-09-12T01:10:00,2026-09-12T04:20:00,1,95.0,Optimal fit with minimal idle window; High criticality matched to safe night corridor
TDMS-004,TT-SEC-02-20260913-0110,SEC-02,TRD,High,8,3.0,3.67,0.67,True,comfortable_fit,True,High,Timetable,2026-09-13T01:10:00,2026-09-13T04:50:00,2,90.0,Adequate buffer for setup and clearance; High criticality matched to safe night corridor
TDMS-004,TT-SEC-02-20260916-0110,SEC-02,TRD,High,8,3.0,3.17,0.17,True,tight_fit,True,High,Timetable,2026-09-16T01:10:00,2026-09-16T04:20:00,1,95.0,Optimal fit with minimal idle window; High criticality matched to safe night corridor
TDMS-004,GF-SEC-02-20260918-0420,SEC-02,TRD,High,8,3.0,1.5,-1.5,False,insufficient_duration,True,Low,GoodsForecast,2026-09-18T04:20:00,2026-09-18T05:50:00,1,50.0,"Slot duration 1.5h is less than required 3.0h; High criticality matched to safe night corridor; Utilizes dynamic goods cancellation slot, protecting timetable paths"
TDMS-004,TT-SEC-02-20260920-0110,SEC-02,TRD,High,8,3.0,3.67,0.67,True,comfortable_fit,True,High,Timetable,2026-09-20T01:10:00,2026-09-20T04:50:00,2,90.0,Adequate buffer for setup and clearance; High criticality matched to safe night corridor
TDMS-004,TT-SEC-02-20260923-0110,SEC-02,TRD,High,8,3.0,3.17,0.17,True,tight_fit,True,High,Timetable,2026-09-23T01:10:00,2026-09-23T04:20:00,1,95.0,Optimal fit with minimal idle window; High criticality matched to safe night corridor
TDMS-004,TT-SEC-02-20260927-0110,SEC-02,TRD,High,8,3.0,3.67,0.67,True,comfortable_fit,True,High,Timetable,2026-09-27T01:10:00,2026-09-27T04:50:00,2,90.0,Adequate buffer for setup and clearance; High criticality matched to safe night corridor
TDMS-004,TT-SEC-02-20260930-0110,SEC-02,TRD,High,8,3.0,3.17,0.17,True,tight_fit,True,High,Timetable,2026-09-30T01:10:00,2026-09-30T04:20:00,1,95.0,Optimal fit with minimal idle window; High criticality matched to safe night corridor
TDMS-005,TT-SEC-02-20260907-0110,SEC-02,TRD,Medium,6,3.0,3.17,0.17,True,tight_fit,True,High,Timetable,2026-09-07T01:10:00,2026-09-07T04:20:00,1,85.0,Optimal fit with minimal idle window
TDMS-005,TT-SEC-02-20260908-0110,SEC-02,TRD,Medium,6,3.0,3.17,0.17,True,tight_fit,True,High,Timetable,2026-09-08T01:10:00,2026-09-08T04:20:00,1,85.0,Optimal fit with minimal idle window
TDMS-005,TT-SEC-02-20260909-0110,SEC-02,TRD,Medium,6,3.0,3.17,0.17,True,tight_fit,True,High,Timetable,2026-09-09T01:10:00,2026-09-09T04:20:00,1,85.0,Optimal fit with minimal idle window
TDMS-005,GF-SEC-02-20260909-0420,SEC-02,TRD,Medium,6,3.0,1.5,-1.5,False,insufficient_duration,True,Low,GoodsForecast,2026-09-09T04:20:00,2026-09-09T05:50:00,1,40.0,"Slot duration 1.5h is less than required 3.0h; Utilizes dynamic goods cancellation slot, protecting timetable paths"
TDMS-005,TT-SEC-02-20260910-0110,SEC-02,TRD,Medium,6,3.0,3.17,0.17,True,tight_fit,True,High,Timetable,2026-09-10T01:10:00,2026-09-10T04:20:00,1,85.0,Optimal fit with minimal idle window
TDMS-005,TT-SEC-02-20260911-0110,SEC-02,TRD,Medium,6,3.0,3.17,0.17,True,tight_fit,True,High,Timetable,2026-09-11T01:10:00,2026-09-11T04:20:00,1,85.0,Optimal fit with minimal idle window
TDMS-005,GF-SEC-02-20260911-0420,SEC-02,TRD,Medium,6,3.0,1.5,-1.5,False,insufficient_duration,True,Low,GoodsForecast,2026-09-11T04:20:00,2026-09-11T05:50:00,1,40.0,"Slot duration 1.5h is less than required 3.0h; Utilizes dynamic goods cancellation slot, protecting timetable paths"
TDMS-005,TT-SEC-02-20260912-0110,SEC-02,TRD,Medium,6,3.0,3.17,0.17,True,tight_fit,True,High,Timetable,2026-09-12T01:10:00,2026-09-12T04:20:00,1,85.0,Optimal fit with minimal idle window
TDMS-005,TT-SEC-02-20260913-0110,SEC-02,TRD,Medium,6,3.0,3.67,0.67,True,comfortable_fit,True,High,Timetable,2026-09-13T01:10:00,2026-09-13T04:50:00,2,80.0,Adequate buffer for setup and clearance
TDMS-005,TT-SEC-02-20260916-0110,SEC-02,TRD,Medium,6,3.0,3.17,0.17,True,tight_fit,True,High,Timetable,2026-09-16T01:10:00,2026-09-16T04:20:00,1,85.0,Optimal fit with minimal idle window
TDMS-005,GF-SEC-02-20260918-0420,SEC-02,TRD,Medium,6,3.0,1.5,-1.5,False,insufficient_duration,True,Low,GoodsForecast,2026-09-18T04:20:00,2026-09-18T05:50:00,1,40.0,"Slot duration 1.5h is less than required 3.0h; Utilizes dynamic goods cancellation slot, protecting timetable paths"
TDMS-005,TT-SEC-02-20260920-0110,SEC-02,TRD,Medium,6,3.0,3.67,0.67,True,comfortable_fit,True,High,Timetable,2026-09-20T01:10:00,2026-09-20T04:50:00,2,80.0,Adequate buffer for setup and clearance
TDMS-005,TT-SEC-02-20260923-0110,SEC-02,TRD,Medium,6,3.0,3.17,0.17,True,tight_fit,True,High,Timetable,2026-09-23T01:10:00,2026-09-23T04:20:00,1,85.0,Optimal fit with minimal idle window
TDMS-005,TT-SEC-02-20260927-0110,SEC-02,TRD,Medium,6,3.0,3.67,0.67,True,comfortable_fit,True,High,Timetable,2026-09-27T01:10:00,2026-09-27T04:50:00,2,80.0,Adequate buffer for setup and clearance
TDMS-005,TT-SEC-02-20260930-0110,SEC-02,TRD,Medium,6,3.0,3.17,0.17,True,tight_fit,True,High,Timetable,2026-09-30T01:10:00,2026-09-30T04:20:00,1,85.0,Optimal fit with minimal idle window
TDMS-006,TT-SEC-03-20260907-0130,SEC-03,TRD,Medium,7,3.0,3.0,0.0,True,tight_fit,True,Medium,Timetable,2026-09-07T01:30:00,2026-09-07T04:30:00,1,95.0,Optimal fit with minimal idle window; High backlog age (21 days) boosts priority
TDMS-006,TT-SEC-03-20260907-1030,SEC-03,TRD,Medium,7,3.0,2.5,-0.5,False,insufficient_duration,False,Medium,Timetable,2026-09-07T10:30:00,2026-09-07T13:00:00,1,40.0,Slot duration 2.5h is less than required 3.0h; High backlog age (21 days) boosts priority
TDMS-006,TT-SEC-03-20260908-0130,SEC-03,TRD,Medium,7,3.0,3.0,0.0,True,tight_fit,True,Medium,Timetable,2026-09-08T01:30:00,2026-09-08T04:30:00,1,95.0,Optimal fit with minimal idle window; High backlog age (21 days) boosts priority
TDMS-006,TT-SEC-03-20260909-0130,SEC-03,TRD,Medium,7,3.0,3.0,0.0,True,tight_fit,True,Medium,Timetable,2026-09-09T01:30:00,2026-09-09T04:30:00,1,95.0,Optimal fit with minimal idle window; High backlog age (21 days) boosts priority
TDMS-006,TT-SEC-03-20260909-1030,SEC-03,TRD,Medium,7,3.0,2.5,-0.5,False,insufficient_duration,False,Medium,Timetable,2026-09-09T10:30:00,2026-09-09T13:00:00,1,40.0,Slot duration 2.5h is less than required 3.0h; High backlog age (21 days) boosts priority
TDMS-006,TT-SEC-03-20260910-0130,SEC-03,TRD,Medium,7,3.0,3.0,0.0,True,tight_fit,True,Medium,Timetable,2026-09-10T01:30:00,2026-09-10T04:30:00,1,95.0,Optimal fit with minimal idle window; High backlog age (21 days) boosts priority
TDMS-006,TT-SEC-03-20260911-0130,SEC-03,TRD,Medium,7,3.0,3.0,0.0,True,tight_fit,True,Medium,Timetable,2026-09-11T01:30:00,2026-09-11T04:30:00,1,95.0,Optimal fit with minimal idle window; High backlog age (21 days) boosts priority
TDMS-006,TT-SEC-03-20260911-1030,SEC-03,TRD,Medium,7,3.0,2.5,-0.5,False,insufficient_duration,False,Medium,Timetable,2026-09-11T10:30:00,2026-09-11T13:00:00,1,40.0,Slot duration 2.5h is less than required 3.0h; High backlog age (21 days) boosts priority
TDMS-006,GF-SEC-03-20260911-1300,SEC-03,TRD,Medium,7,3.0,1.5,-1.5,False,insufficient_duration,False,Low,GoodsForecast,2026-09-11T13:00:00,2026-09-11T14:30:00,1,50.0,"Slot duration 1.5h is less than required 3.0h; Utilizes dynamic goods cancellation slot, protecting timetable paths; High backlog age (21 days) boosts priority"
TDMS-006,TT-SEC-03-20260912-0130,SEC-03,TRD,Medium,7,3.0,3.0,0.0,True,tight_fit,True,Medium,Timetable,2026-09-12T01:30:00,2026-09-12T04:30:00,1,95.0,Optimal fit with minimal idle window; High backlog age (21 days) boosts priority
TDMS-006,TT-SEC-03-20260913-0130,SEC-03,TRD,Medium,7,3.0,3.0,0.0,True,tight_fit,True,Medium,Timetable,2026-09-13T01:30:00,2026-09-13T04:30:00,1,95.0,Optimal fit with minimal idle window; High backlog age (21 days) boosts priority
TDMS-006,TT-SEC-03-20260913-1030,SEC-03,TRD,Medium,7,3.0,2.5,-0.5,False,insufficient_duration,False,Medium,Timetable,2026-09-13T10:30:00,2026-09-13T13:00:00,1,40.0,Slot duration 2.5h is less than required 3.0h; High backlog age (21 days) boosts priority
TDMS-006,TT-SEC-03-20260916-0130,SEC-03,TRD,Medium,7,3.0,3.0,0.0,True,tight_fit,True,Medium,Timetable,2026-09-16T01:30:00,2026-09-16T04:30:00,1,95.0,Optimal fit with minimal idle window; High backlog age (21 days) boosts priority
TDMS-006,TT-SEC-03-20260920-0130,SEC-03,TRD,Medium,7,3.0,3.0,0.0,True,tight_fit,True,Medium,Timetable,2026-09-20T01:30:00,2026-09-20T04:30:00,1,95.0,Optimal fit with minimal idle window; High backlog age (21 days) boosts priority
TDMS-006,TT-SEC-03-20260920-1030,SEC-03,TRD,Medium,7,3.0,2.5,-0.5,False,insufficient_duration,False,Medium,Timetable,2026-09-20T10:30:00,2026-09-20T13:00:00,1,40.0,Slot duration 2.5h is less than required 3.0h; High backlog age (21 days) boosts priority
TDMS-006,TT-SEC-03-20260923-0130,SEC-03,TRD,Medium,7,3.0,3.0,0.0,True,tight_fit,True,Medium,Timetable,2026-09-23T01:30:00,2026-09-23T04:30:00,1,95.0,Optimal fit with minimal idle window; High backlog age (21 days) boosts priority
TDMS-006,TT-SEC-03-20260927-0130,SEC-03,TRD,Medium,7,3.0,3.0,0.0,True,tight_fit,True,Medium,Timetable,2026-09-27T01:30:00,2026-09-27T04:30:00,1,95.0,Optimal fit with minimal idle window; High backlog age (21 days) boosts priority
TDMS-006,TT-SEC-03-20260927-1030,SEC-03,TRD,Medium,7,3.0,2.5,-0.5,False,insufficient_duration,False,Medium,Timetable,2026-09-27T10:30:00,2026-09-27T13:00:00,1,40.0,Slot duration 2.5h is less than required 3.0h; High backlog age (21 days) boosts priority
TDMS-006,TT-SEC-03-20260930-0130,SEC-03,TRD,Medium,7,3.0,3.0,0.0,True,tight_fit,True,Medium,Timetable,2026-09-30T01:30:00,2026-09-30T04:30:00,1,95.0,Optimal fit with minimal idle window; High backlog age (21 days) boosts priority
TDMS-007,TT-SEC-03-20260907-0130,SEC-03,TRD,Low,4,3.0,3.0,0.0,True,tight_fit,True,Medium,Timetable,2026-09-07T01:30:00,2026-09-07T04:30:00,1,90.0,Optimal fit with minimal idle window; High backlog age (34 days) boosts priority
TDMS-007,TT-SEC-03-20260907-1030,SEC-03,TRD,Low,4,3.0,2.5,-0.5,False,insufficient_duration,False,Medium,Timetable,2026-09-07T10:30:00,2026-09-07T13:00:00,1,45.0,Slot duration 2.5h is less than required 3.0h; Routine/low severity ideally executed during day shadow slots; High backlog age (34 days) boosts priority
TDMS-007,TT-SEC-03-20260908-0130,SEC-03,TRD,Low,4,3.0,3.0,0.0,True,tight_fit,True,Medium,Timetable,2026-09-08T01:30:00,2026-09-08T04:30:00,1,90.0,Optimal fit with minimal idle window; High backlog age (34 days) boosts priority
TDMS-007,TT-SEC-03-20260909-0130,SEC-03,TRD,Low,4,3.0,3.0,0.0,True,tight_fit,True,Medium,Timetable,2026-09-09T01:30:00,2026-09-09T04:30:00,1,90.0,Optimal fit with minimal idle window; High backlog age (34 days) boosts priority
TDMS-007,TT-SEC-03-20260909-1030,SEC-03,TRD,Low,4,3.0,2.5,-0.5,False,insufficient_duration,False,Medium,Timetable,2026-09-09T10:30:00,2026-09-09T13:00:00,1,45.0,Slot duration 2.5h is less than required 3.0h; Routine/low severity ideally executed during day shadow slots; High backlog age (34 days) boosts priority
TDMS-007,TT-SEC-03-20260910-0130,SEC-03,TRD,Low,4,3.0,3.0,0.0,True,tight_fit,True,Medium,Timetable,2026-09-10T01:30:00,2026-09-10T04:30:00,1,90.0,Optimal fit with minimal idle window; High backlog age (34 days) boosts priority
TDMS-007,TT-SEC-03-20260911-0130,SEC-03,TRD,Low,4,3.0,3.0,0.0,True,tight_fit,True,Medium,Timetable,2026-09-11T01:30:00,2026-09-11T04:30:00,1,90.0,Optimal fit with minimal idle window; High backlog age (34 days) boosts priority
TDMS-007,TT-SEC-03-20260911-1030,SEC-03,TRD,Low,4,3.0,2.5,-0.5,False,insufficient_duration,False,Medium,Timetable,2026-09-11T10:30:00,2026-09-11T13:00:00,1,45.0,Slot duration 2.5h is less than required 3.0h; Routine/low severity ideally executed during day shadow slots; High backlog age (34 days) boosts priority
TDMS-007,GF-SEC-03-20260911-1300,SEC-03,TRD,Low,4,3.0,1.5,-1.5,False,insufficient_duration,False,Low,GoodsForecast,2026-09-11T13:00:00,2026-09-11T14:30:00,1,55.0,"Slot duration 1.5h is less than required 3.0h; Routine/low severity ideally executed during day shadow slots; Utilizes dynamic goods cancellation slot, protecting timetable paths; High backlog age (34 days) boosts priority"
TDMS-007,TT-SEC-03-20260912-0130,SEC-03,TRD,Low,4,3.0,3.0,0.0,True,tight_fit,True,Medium,Timetable,2026-09-12T01:30:00,2026-09-12T04:30:00,1,90.0,Optimal fit with minimal idle window; High backlog age (34 days) boosts priority
TDMS-007,TT-SEC-03-20260913-0130,SEC-03,TRD,Low,4,3.0,3.0,0.0,True,tight_fit,True,Medium,Timetable,2026-09-13T01:30:00,2026-09-13T04:30:00,1,90.0,Optimal fit with minimal idle window; High backlog age (34 days) boosts priority
TDMS-007,TT-SEC-03-20260913-1030,SEC-03,TRD,Low,4,3.0,2.5,-0.5,False,insufficient_duration,False,Medium,Timetable,2026-09-13T10:30:00,2026-09-13T13:00:00,1,45.0,Slot duration 2.5h is less than required 3.0h; Routine/low severity ideally executed during day shadow slots; High backlog age (34 days) boosts priority
TDMS-007,TT-SEC-03-20260916-0130,SEC-03,TRD,Low,4,3.0,3.0,0.0,True,tight_fit,True,Medium,Timetable,2026-09-16T01:30:00,2026-09-16T04:30:00,1,90.0,Optimal fit with minimal idle window; High backlog age (34 days) boosts priority
TDMS-007,TT-SEC-03-20260920-0130,SEC-03,TRD,Low,4,3.0,3.0,0.0,True,tight_fit,True,Medium,Timetable,2026-09-20T01:30:00,2026-09-20T04:30:00,1,90.0,Optimal fit with minimal idle window; High backlog age (34 days) boosts priority
TDMS-007,TT-SEC-03-20260920-1030,SEC-03,TRD,Low,4,3.0,2.5,-0.5,False,insufficient_duration,False,Medium,Timetable,2026-09-20T10:30:00,2026-09-20T13:00:00,1,45.0,Slot duration 2.5h is less than required 3.0h; Routine/low severity ideally executed during day shadow slots; High backlog age (34 days) boosts priority
TDMS-007,TT-SEC-03-20260923-0130,SEC-03,TRD,Low,4,3.0,3.0,0.0,True,tight_fit,True,Medium,Timetable,2026-09-23T01:30:00,2026-09-23T04:30:00,1,90.0,Optimal fit with minimal idle window; High backlog age (34 days) boosts priority
TDMS-007,TT-SEC-03-20260927-0130,SEC-03,TRD,Low,4,3.0,3.0,0.0,True,tight_fit,True,Medium,Timetable,2026-09-27T01:30:00,2026-09-27T04:30:00,1,90.0,Optimal fit with minimal idle window; High backlog age (34 days) boosts priority
TDMS-007,TT-SEC-03-20260927-1030,SEC-03,TRD,Low,4,3.0,2.5,-0.5,False,insufficient_duration,False,Medium,Timetable,2026-09-27T10:30:00,2026-09-27T13:00:00,1,45.0,Slot duration 2.5h is less than required 3.0h; Routine/low severity ideally executed during day shadow slots; High backlog age (34 days) boosts priority
TDMS-007,TT-SEC-03-20260930-0130,SEC-03,TRD,Low,4,3.0,3.0,0.0,True,tight_fit,True,Medium,Timetable,2026-09-30T01:30:00,2026-09-30T04:30:00,1,90.0,Optimal fit with minimal idle window; High backlog age (34 days) boosts priority
TDMS-008,TT-SEC-03-20260907-0130,SEC-03,TRD,High,8,3.0,3.0,0.0,True,tight_fit,True,Medium,Timetable,2026-09-07T01:30:00,2026-09-07T04:30:00,1,95.0,Optimal fit with minimal idle window; High criticality matched to safe night corridor
TDMS-008,TT-SEC-03-20260907-1030,SEC-03,TRD,High,8,3.0,2.5,-0.5,False,insufficient_duration,False,Medium,Timetable,2026-09-07T10:30:00,2026-09-07T13:00:00,1,25.0,Slot duration 2.5h is less than required 3.0h; Day shadow window on medium density line
TDMS-008,TT-SEC-03-20260908-0130,SEC-03,TRD,High,8,3.0,3.0,0.0,True,tight_fit,True,Medium,Timetable,2026-09-08T01:30:00,2026-09-08T04:30:00,1,95.0,Optimal fit with minimal idle window; High criticality matched to safe night corridor
TDMS-008,TT-SEC-03-20260909-0130,SEC-03,TRD,High,8,3.0,3.0,0.0,True,tight_fit,True,Medium,Timetable,2026-09-09T01:30:00,2026-09-09T04:30:00,1,95.0,Optimal fit with minimal idle window; High criticality matched to safe night corridor
TDMS-008,TT-SEC-03-20260909-1030,SEC-03,TRD,High,8,3.0,2.5,-0.5,False,insufficient_duration,False,Medium,Timetable,2026-09-09T10:30:00,2026-09-09T13:00:00,1,25.0,Slot duration 2.5h is less than required 3.0h; Day shadow window on medium density line
TDMS-008,TT-SEC-03-20260910-0130,SEC-03,TRD,High,8,3.0,3.0,0.0,True,tight_fit,True,Medium,Timetable,2026-09-10T01:30:00,2026-09-10T04:30:00,1,95.0,Optimal fit with minimal idle window; High criticality matched to safe night corridor
TDMS-008,TT-SEC-03-20260911-0130,SEC-03,TRD,High,8,3.0,3.0,0.0,True,tight_fit,True,Medium,Timetable,2026-09-11T01:30:00,2026-09-11T04:30:00,1,95.0,Optimal fit with minimal idle window; High criticality matched to safe night corridor
TDMS-008,TT-SEC-03-20260911-1030,SEC-03,TRD,High,8,3.0,2.5,-0.5,False,insufficient_duration,False,Medium,Timetable,2026-09-11T10:30:00,2026-09-11T13:00:00,1,25.0,Slot duration 2.5h is less than required 3.0h; Day shadow window on medium density line
TDMS-008,GF-SEC-03-20260911-1300,SEC-03,TRD,High,8,3.0,1.5,-1.5,False,insufficient_duration,False,Low,GoodsForecast,2026-09-11T13:00:00,2026-09-11T14:30:00,1,35.0,"Slot duration 1.5h is less than required 3.0h; Day shadow window on medium density line; Utilizes dynamic goods cancellation slot, protecting timetable paths"
TDMS-008,TT-SEC-03-20260912-0130,SEC-03,TRD,High,8,3.0,3.0,0.0,True,tight_fit,True,Medium,Timetable,2026-09-12T01:30:00,2026-09-12T04:30:00,1,95.0,Optimal fit with minimal idle window; High criticality matched to safe night corridor
TDMS-008,TT-SEC-03-20260913-0130,SEC-03,TRD,High,8,3.0,3.0,0.0,True,tight_fit,True,Medium,Timetable,2026-09-13T01:30:00,2026-09-13T04:30:00,1,95.0,Optimal fit with minimal idle window; High criticality matched to safe night corridor
TDMS-008,TT-SEC-03-20260913-1030,SEC-03,TRD,High,8,3.0,2.5,-0.5,False,insufficient_duration,False,Medium,Timetable,2026-09-13T10:30:00,2026-09-13T13:00:00,1,25.0,Slot duration 2.5h is less than required 3.0h; Day shadow window on medium density line
TDMS-008,TT-SEC-03-20260916-0130,SEC-03,TRD,High,8,3.0,3.0,0.0,True,tight_fit,True,Medium,Timetable,2026-09-16T01:30:00,2026-09-16T04:30:00,1,95.0,Optimal fit with minimal idle window; High criticality matched to safe night corridor
TDMS-008,TT-SEC-03-20260920-0130,SEC-03,TRD,High,8,3.0,3.0,0.0,True,tight_fit,True,Medium,Timetable,2026-09-20T01:30:00,2026-09-20T04:30:00,1,95.0,Optimal fit with minimal idle window; High criticality matched to safe night corridor
TDMS-008,TT-SEC-03-20260920-1030,SEC-03,TRD,High,8,3.0,2.5,-0.5,False,insufficient_duration,False,Medium,Timetable,2026-09-20T10:30:00,2026-09-20T13:00:00,1,25.0,Slot duration 2.5h is less than required 3.0h; Day shadow window on medium density line
TDMS-008,TT-SEC-03-20260923-0130,SEC-03,TRD,High,8,3.0,3.0,0.0,True,tight_fit,True,Medium,Timetable,2026-09-23T01:30:00,2026-09-23T04:30:00,1,95.0,Optimal fit with minimal idle window; High criticality matched to safe night corridor
TDMS-008,TT-SEC-03-20260927-0130,SEC-03,TRD,High,8,3.0,3.0,0.0,True,tight_fit,True,Medium,Timetable,2026-09-27T01:30:00,2026-09-27T04:30:00,1,95.0,Optimal fit with minimal idle window; High criticality matched to safe night corridor
TDMS-008,TT-SEC-03-20260927-1030,SEC-03,TRD,High,8,3.0,2.5,-0.5,False,insufficient_duration,False,Medium,Timetable,2026-09-27T10:30:00,2026-09-27T13:00:00,1,25.0,Slot duration 2.5h is less than required 3.0h; Day shadow window on medium density line
TDMS-008,TT-SEC-03-20260930-0130,SEC-03,TRD,High,8,3.0,3.0,0.0,True,tight_fit,True,Medium,Timetable,2026-09-30T01:30:00,2026-09-30T04:30:00,1,95.0,Optimal fit with minimal idle window; High criticality matched to safe night corridor
TDMS-009,TT-SEC-04-20260907-0200,SEC-04,TRD,Medium,6,2.5,3.0,0.5,True,tight_fit,True,Medium,Timetable,2026-09-07T02:00:00,2026-09-07T05:00:00,1,85.0,Optimal fit with minimal idle window
TDMS-009,TT-SEC-04-20260908-0200,SEC-04,TRD,Medium,6,2.5,3.0,0.5,True,tight_fit,True,Medium,Timetable,2026-09-08T02:00:00,2026-09-08T05:00:00,1,85.0,Optimal fit with minimal idle window
TDMS-009,TT-SEC-04-20260908-0945,SEC-04,TRD,Medium,6,2.5,3.0,0.5,True,tight_fit,False,Medium,Timetable,2026-09-08T09:45:00,2026-09-08T12:45:00,1,85.0,Optimal fit with minimal idle window
TDMS-009,TT-SEC-04-20260909-0200,SEC-04,TRD,Medium,6,2.5,3.0,0.5,True,tight_fit,True,Medium,Timetable,2026-09-09T02:00:00,2026-09-09T05:00:00,1,85.0,Optimal fit with minimal idle window
TDMS-009,TT-SEC-04-20260910-0200,SEC-04,TRD,Medium,6,2.5,3.0,0.5,True,tight_fit,True,Medium,Timetable,2026-09-10T02:00:00,2026-09-10T05:00:00,1,85.0,Optimal fit with minimal idle window
TDMS-009,TT-SEC-04-20260910-0945,SEC-04,TRD,Medium,6,2.5,3.0,0.5,True,tight_fit,False,Medium,Timetable,2026-09-10T09:45:00,2026-09-10T12:45:00,1,85.0,Optimal fit with minimal idle window
TDMS-009,TT-SEC-04-20260911-0200,SEC-04,TRD,Medium,6,2.5,3.0,0.5,True,tight_fit,True,Medium,Timetable,2026-09-11T02:00:00,2026-09-11T05:00:00,1,85.0,Optimal fit with minimal idle window
TDMS-009,TT-SEC-04-20260912-0200,SEC-04,TRD,Medium,6,2.5,3.0,0.5,True,tight_fit,True,Medium,Timetable,2026-09-12T02:00:00,2026-09-12T05:00:00,1,85.0,Optimal fit with minimal idle window
TDMS-009,TT-SEC-04-20260912-0945,SEC-04,TRD,Medium,6,2.5,3.0,0.5,True,tight_fit,False,Medium,Timetable,2026-09-12T09:45:00,2026-09-12T12:45:00,1,85.0,Optimal fit with minimal idle window
TDMS-009,GF-SEC-04-20260912-1245,SEC-04,TRD,Medium,6,2.5,1.5,-1.0,False,insufficient_duration,False,Low,GoodsForecast,2026-09-12T12:45:00,2026-09-12T14:15:00,1,40.0,"Slot duration 1.5h is less than required 2.5h; Utilizes dynamic goods cancellation slot, protecting timetable paths"
TDMS-009,TT-SEC-04-20260913-0200,SEC-04,TRD,Medium,6,2.5,3.0,0.5,True,tight_fit,True,Medium,Timetable,2026-09-13T02:00:00,2026-09-13T05:00:00,1,85.0,Optimal fit with minimal idle window
TDMS-009,TT-SEC-04-20260916-0200,SEC-04,TRD,Medium,6,2.5,3.0,0.5,True,tight_fit,True,Medium,Timetable,2026-09-16T02:00:00,2026-09-16T05:00:00,1,85.0,Optimal fit with minimal idle window
TDMS-009,TT-SEC-04-20260920-0200,SEC-04,TRD,Medium,6,2.5,3.0,0.5,True,tight_fit,True,Medium,Timetable,2026-09-20T02:00:00,2026-09-20T05:00:00,1,85.0,Optimal fit with minimal idle window
TDMS-009,TT-SEC-04-20260923-0200,SEC-04,TRD,Medium,6,2.5,3.0,0.5,True,tight_fit,True,Medium,Timetable,2026-09-23T02:00:00,2026-09-23T05:00:00,1,85.0,Optimal fit with minimal idle window
TDMS-009,TT-SEC-04-20260927-0200,SEC-04,TRD,Medium,6,2.5,3.0,0.5,True,tight_fit,True,Medium,Timetable,2026-09-27T02:00:00,2026-09-27T05:00:00,1,85.0,Optimal fit with minimal idle window
TDMS-009,TT-SEC-04-20260930-0200,SEC-04,TRD,Medium,6,2.5,3.0,0.5,True,tight_fit,True,Medium,Timetable,2026-09-30T02:00:00,2026-09-30T05:00:00,1,85.0,Optimal fit with minimal idle window
TDMS-010,TT-SEC-04-20260907-0200,SEC-04,TRD,Medium,6,3.0,3.0,0.0,True,tight_fit,True,Medium,Timetable,2026-09-07T02:00:00,2026-09-07T05:00:00,1,85.0,Optimal fit with minimal idle window
TDMS-010,TT-SEC-04-20260908-0200,SEC-04,TRD,Medium,6,3.0,3.0,0.0,True,tight_fit,True,Medium,Timetable,2026-09-08T02:00:00,2026-09-08T05:00:00,1,85.0,Optimal fit with minimal idle window
TDMS-010,TT-SEC-04-20260908-0945,SEC-04,TRD,Medium,6,3.0,3.0,0.0,True,tight_fit,False,Medium,Timetable,2026-09-08T09:45:00,2026-09-08T12:45:00,1,85.0,Optimal fit with minimal idle window
TDMS-010,TT-SEC-04-20260909-0200,SEC-04,TRD,Medium,6,3.0,3.0,0.0,True,tight_fit,True,Medium,Timetable,2026-09-09T02:00:00,2026-09-09T05:00:00,1,85.0,Optimal fit with minimal idle window
TDMS-010,TT-SEC-04-20260910-0200,SEC-04,TRD,Medium,6,3.0,3.0,0.0,True,tight_fit,True,Medium,Timetable,2026-09-10T02:00:00,2026-09-10T05:00:00,1,85.0,Optimal fit with minimal idle window
TDMS-010,TT-SEC-04-20260910-0945,SEC-04,TRD,Medium,6,3.0,3.0,0.0,True,tight_fit,False,Medium,Timetable,2026-09-10T09:45:00,2026-09-10T12:45:00,1,85.0,Optimal fit with minimal idle window
TDMS-010,TT-SEC-04-20260911-0200,SEC-04,TRD,Medium,6,3.0,3.0,0.0,True,tight_fit,True,Medium,Timetable,2026-09-11T02:00:00,2026-09-11T05:00:00,1,85.0,Optimal fit with minimal idle window
TDMS-010,TT-SEC-04-20260912-0200,SEC-04,TRD,Medium,6,3.0,3.0,0.0,True,tight_fit,True,Medium,Timetable,2026-09-12T02:00:00,2026-09-12T05:00:00,1,85.0,Optimal fit with minimal idle window
TDMS-010,TT-SEC-04-20260912-0945,SEC-04,TRD,Medium,6,3.0,3.0,0.0,True,tight_fit,False,Medium,Timetable,2026-09-12T09:45:00,2026-09-12T12:45:00,1,85.0,Optimal fit with minimal idle window
TDMS-010,GF-SEC-04-20260912-1245,SEC-04,TRD,Medium,6,3.0,1.5,-1.5,False,insufficient_duration,False,Low,GoodsForecast,2026-09-12T12:45:00,2026-09-12T14:15:00,1,40.0,"Slot duration 1.5h is less than required 3.0h; Utilizes dynamic goods cancellation slot, protecting timetable paths"
TDMS-010,TT-SEC-04-20260913-0200,SEC-04,TRD,Medium,6,3.0,3.0,0.0,True,tight_fit,True,Medium,Timetable,2026-09-13T02:00:00,2026-09-13T05:00:00,1,85.0,Optimal fit with minimal idle window
TDMS-010,TT-SEC-04-20260916-0200,SEC-04,TRD,Medium,6,3.0,3.0,0.0,True,tight_fit,True,Medium,Timetable,2026-09-16T02:00:00,2026-09-16T05:00:00,1,85.0,Optimal fit with minimal idle window
TDMS-010,TT-SEC-04-20260920-0200,SEC-04,TRD,Medium,6,3.0,3.0,0.0,True,tight_fit,True,Medium,Timetable,2026-09-20T02:00:00,2026-09-20T05:00:00,1,85.0,Optimal fit with minimal idle window
TDMS-010,TT-SEC-04-20260923-0200,SEC-04,TRD,Medium,6,3.0,3.0,0.0,True,tight_fit,True,Medium,Timetable,2026-09-23T02:00:00,2026-09-23T05:00:00,1,85.0,Optimal fit with minimal idle window
TDMS-010,TT-SEC-04-20260927-0200,SEC-04,TRD,Medium,6,3.0,3.0,0.0,True,tight_fit,True,Medium,Timetable,2026-09-27T02:00:00,2026-09-27T05:00:00,1,85.0,Optimal fit with minimal idle window
TDMS-010,TT-SEC-04-20260930-0200,SEC-04,TRD,Medium,6,3.0,3.0,0.0,True,tight_fit,True,Medium,Timetable,2026-09-30T02:00:00,2026-09-30T05:00:00,1,85.0,Optimal fit with minimal idle window
TDMS-011,TT-SEC-05-20260907-0020,SEC-05,TRD,High,9,3.5,3.5,0.0,True,tight_fit,True,High,Timetable,2026-09-07T00:20:00,2026-09-07T03:50:00,2,95.0,Optimal fit with minimal idle window; High criticality matched to safe night corridor
TDMS-011,GF-SEC-05-20260907-0350,SEC-05,TRD,High,9,3.5,1.5,-2.0,False,insufficient_duration,True,Low,GoodsForecast,2026-09-07T03:50:00,2026-09-07T05:20:00,1,50.0,"Slot duration 1.5h is less than required 3.5h; High criticality matched to safe night corridor; Utilizes dynamic goods cancellation slot, protecting timetable paths"
TDMS-011,TT-SEC-05-20260908-0020,SEC-05,TRD,High,9,3.5,3.5,0.0,True,tight_fit,True,High,Timetable,2026-09-08T00:20:00,2026-09-08T03:50:00,2,95.0,Optimal fit with minimal idle window; High criticality matched to safe night corridor
TDMS-011,TT-SEC-05-20260909-0020,SEC-05,TRD,High,9,3.5,3.5,0.0,True,tight_fit,True,High,Timetable,2026-09-09T00:20:00,2026-09-09T03:50:00,2,95.0,Optimal fit with minimal idle window; High criticality matched to safe night corridor
TDMS-011,TT-SEC-05-20260910-0020,SEC-05,TRD,High,9,3.5,3.5,0.0,True,tight_fit,True,High,Timetable,2026-09-10T00:20:00,2026-09-10T03:50:00,2,95.0,Optimal fit with minimal idle window; High criticality matched to safe night corridor
TDMS-011,GF-SEC-05-20260910-0350,SEC-05,TRD,High,9,3.5,1.5,-2.0,False,insufficient_duration,True,Low,GoodsForecast,2026-09-10T03:50:00,2026-09-10T05:20:00,1,50.0,"Slot duration 1.5h is less than required 3.5h; High criticality matched to safe night corridor; Utilizes dynamic goods cancellation slot, protecting timetable paths"
TDMS-011,TT-SEC-05-20260911-0020,SEC-05,TRD,High,9,3.5,3.5,0.0,True,tight_fit,True,High,Timetable,2026-09-11T00:20:00,2026-09-11T03:50:00,2,95.0,Optimal fit with minimal idle window; High criticality matched to safe night corridor
TDMS-011,TT-SEC-05-20260912-0020,SEC-05,TRD,High,9,3.5,3.5,0.0,True,tight_fit,True,High,Timetable,2026-09-12T00:20:00,2026-09-12T03:50:00,2,95.0,Optimal fit with minimal idle window; High criticality matched to safe night corridor
TDMS-011,TT-SEC-05-20260913-0020,SEC-05,TRD,High,9,3.5,4.0,0.5,True,tight_fit,True,High,Timetable,2026-09-13T00:20:00,2026-09-13T04:20:00,2,95.0,Optimal fit with minimal idle window; High criticality matched to safe night corridor
TDMS-011,TT-SEC-05-20260916-0020,SEC-05,TRD,High,9,3.5,3.5,0.0,True,tight_fit,True,High,Timetable,2026-09-16T00:20:00,2026-09-16T03:50:00,2,95.0,Optimal fit with minimal idle window; High criticality matched to safe night corridor
TDMS-011,TT-SEC-05-20260920-0020,SEC-05,TRD,High,9,3.5,4.0,0.5,True,tight_fit,True,High,Timetable,2026-09-20T00:20:00,2026-09-20T04:20:00,2,95.0,Optimal fit with minimal idle window; High criticality matched to safe night corridor
TDMS-011,GF-SEC-05-20260921-0350,SEC-05,TRD,High,9,3.5,1.5,-2.0,False,insufficient_duration,True,Low,GoodsForecast,2026-09-21T03:50:00,2026-09-21T05:20:00,1,50.0,"Slot duration 1.5h is less than required 3.5h; High criticality matched to safe night corridor; Utilizes dynamic goods cancellation slot, protecting timetable paths"
TDMS-011,TT-SEC-05-20260923-0020,SEC-05,TRD,High,9,3.5,3.5,0.0,True,tight_fit,True,High,Timetable,2026-09-23T00:20:00,2026-09-23T03:50:00,2,95.0,Optimal fit with minimal idle window; High criticality matched to safe night corridor
TDMS-011,TT-SEC-05-20260927-0020,SEC-05,TRD,High,9,3.5,4.0,0.5,True,tight_fit,True,High,Timetable,2026-09-27T00:20:00,2026-09-27T04:20:00,2,95.0,Optimal fit with minimal idle window; High criticality matched to safe night corridor
TDMS-011,TT-SEC-05-20260930-0020,SEC-05,TRD,High,9,3.5,3.5,0.0,True,tight_fit,True,High,Timetable,2026-09-30T00:20:00,2026-09-30T03:50:00,2,95.0,Optimal fit with minimal idle window; High criticality matched to safe night corridor
TDMS-012,TT-SEC-05-20260907-0020,SEC-05,TRD,Low,3,2.5,3.5,1.0,True,comfortable_fit,True,High,Timetable,2026-09-07T00:20:00,2026-09-07T03:50:00,2,85.0,Adequate buffer for setup and clearance; High backlog age (28 days) boosts priority
TDMS-012,GF-SEC-05-20260907-0350,SEC-05,TRD,Low,3,2.5,1.5,-1.0,False,insufficient_duration,True,Low,GoodsForecast,2026-09-07T03:50:00,2026-09-07T05:20:00,1,45.0,"Slot duration 1.5h is less than required 2.5h; Utilizes dynamic goods cancellation slot, protecting timetable paths; High backlog age (28 days) boosts priority"
TDMS-012,TT-SEC-05-20260908-0020,SEC-05,TRD,Low,3,2.5,3.5,1.0,True,comfortable_fit,True,High,Timetable,2026-09-08T00:20:00,2026-09-08T03:50:00,2,85.0,Adequate buffer for setup and clearance; High backlog age (28 days) boosts priority
TDMS-012,TT-SEC-05-20260909-0020,SEC-05,TRD,Low,3,2.5,3.5,1.0,True,comfortable_fit,True,High,Timetable,2026-09-09T00:20:00,2026-09-09T03:50:00,2,85.0,Adequate buffer for setup and clearance; High backlog age (28 days) boosts priority
TDMS-012,TT-SEC-05-20260910-0020,SEC-05,TRD,Low,3,2.5,3.5,1.0,True,comfortable_fit,True,High,Timetable,2026-09-10T00:20:00,2026-09-10T03:50:00,2,85.0,Adequate buffer for setup and clearance; High backlog age (28 days) boosts priority
TDMS-012,GF-SEC-05-20260910-0350,SEC-05,TRD,Low,3,2.5,1.5,-1.0,False,insufficient_duration,True,Low,GoodsForecast,2026-09-10T03:50:00,2026-09-10T05:20:00,1,45.0,"Slot duration 1.5h is less than required 2.5h; Utilizes dynamic goods cancellation slot, protecting timetable paths; High backlog age (28 days) boosts priority"
TDMS-012,TT-SEC-05-20260911-0020,SEC-05,TRD,Low,3,2.5,3.5,1.0,True,comfortable_fit,True,High,Timetable,2026-09-11T00:20:00,2026-09-11T03:50:00,2,85.0,Adequate buffer for setup and clearance; High backlog age (28 days) boosts priority
TDMS-012,TT-SEC-05-20260912-0020,SEC-05,TRD,Low,3,2.5,3.5,1.0,True,comfortable_fit,True,High,Timetable,2026-09-12T00:20:00,2026-09-12T03:50:00,2,85.0,Adequate buffer for setup and clearance; High backlog age (28 days) boosts priority
TDMS-012,TT-SEC-05-20260913-0020,SEC-05,TRD,Low,3,2.5,4.0,1.5,True,comfortable_fit,True,High,Timetable,2026-09-13T00:20:00,2026-09-13T04:20:00,2,85.0,Adequate buffer for setup and clearance; High backlog age (28 days) boosts priority
TDMS-012,TT-SEC-05-20260916-0020,SEC-05,TRD,Low,3,2.5,3.5,1.0,True,comfortable_fit,True,High,Timetable,2026-09-16T00:20:00,2026-09-16T03:50:00,2,85.0,Adequate buffer for setup and clearance; High backlog age (28 days) boosts priority
TDMS-012,TT-SEC-05-20260920-0020,SEC-05,TRD,Low,3,2.5,4.0,1.5,True,comfortable_fit,True,High,Timetable,2026-09-20T00:20:00,2026-09-20T04:20:00,2,85.0,Adequate buffer for setup and clearance; High backlog age (28 days) boosts priority
TDMS-012,GF-SEC-05-20260921-0350,SEC-05,TRD,Low,3,2.5,1.5,-1.0,False,insufficient_duration,True,Low,GoodsForecast,2026-09-21T03:50:00,2026-09-21T05:20:00,1,45.0,"Slot duration 1.5h is less than required 2.5h; Utilizes dynamic goods cancellation slot, protecting timetable paths; High backlog age (28 days) boosts priority"
TDMS-012,TT-SEC-05-20260923-0020,SEC-05,TRD,Low,3,2.5,3.5,1.0,True,comfortable_fit,True,High,Timetable,2026-09-23T00:20:00,2026-09-23T03:50:00,2,85.0,Adequate buffer for setup and clearance; High backlog age (28 days) boosts priority
TDMS-012,TT-SEC-05-20260927-0020,SEC-05,TRD,Low,3,2.5,4.0,1.5,True,comfortable_fit,True,High,Timetable,2026-09-27T00:20:00,2026-09-27T04:20:00,2,85.0,Adequate buffer for setup and clearance; High backlog age (28 days) boosts priority
TDMS-012,TT-SEC-05-20260930-0020,SEC-05,TRD,Low,3,2.5,3.5,1.0,True,comfortable_fit,True,High,Timetable,2026-09-30T00:20:00,2026-09-30T03:50:00,2,85.0,Adequate buffer for setup and clearance; High backlog age (28 days) boosts priority
TDMS-013,TT-SEC-05-20260907-0020,SEC-05,TRD,Medium,7,3.0,3.5,0.5,True,tight_fit,True,High,Timetable,2026-09-07T00:20:00,2026-09-07T03:50:00,2,85.0,Optimal fit with minimal idle window
TDMS-013,GF-SEC-05-20260907-0350,SEC-05,TRD,Medium,7,3.0,1.5,-1.5,False,insufficient_duration,True,Low,GoodsForecast,2026-09-07T03:50:00,2026-09-07T05:20:00,1,40.0,"Slot duration 1.5h is less than required 3.0h; Utilizes dynamic goods cancellation slot, protecting timetable paths"
TDMS-013,TT-SEC-05-20260908-0020,SEC-05,TRD,Medium,7,3.0,3.5,0.5,True,tight_fit,True,High,Timetable,2026-09-08T00:20:00,2026-09-08T03:50:00,2,85.0,Optimal fit with minimal idle window
TDMS-013,TT-SEC-05-20260909-0020,SEC-05,TRD,Medium,7,3.0,3.5,0.5,True,tight_fit,True,High,Timetable,2026-09-09T00:20:00,2026-09-09T03:50:00,2,85.0,Optimal fit with minimal idle window
TDMS-013,TT-SEC-05-20260910-0020,SEC-05,TRD,Medium,7,3.0,3.5,0.5,True,tight_fit,True,High,Timetable,2026-09-10T00:20:00,2026-09-10T03:50:00,2,85.0,Optimal fit with minimal idle window
TDMS-013,GF-SEC-05-20260910-0350,SEC-05,TRD,Medium,7,3.0,1.5,-1.5,False,insufficient_duration,True,Low,GoodsForecast,2026-09-10T03:50:00,2026-09-10T05:20:00,1,40.0,"Slot duration 1.5h is less than required 3.0h; Utilizes dynamic goods cancellation slot, protecting timetable paths"
TDMS-013,TT-SEC-05-20260911-0020,SEC-05,TRD,Medium,7,3.0,3.5,0.5,True,tight_fit,True,High,Timetable,2026-09-11T00:20:00,2026-09-11T03:50:00,2,85.0,Optimal fit with minimal idle window
TDMS-013,TT-SEC-05-20260912-0020,SEC-05,TRD,Medium,7,3.0,3.5,0.5,True,tight_fit,True,High,Timetable,2026-09-12T00:20:00,2026-09-12T03:50:00,2,85.0,Optimal fit with minimal idle window
TDMS-013,TT-SEC-05-20260913-0020,SEC-05,TRD,Medium,7,3.0,4.0,1.0,True,comfortable_fit,True,High,Timetable,2026-09-13T00:20:00,2026-09-13T04:20:00,2,80.0,Adequate buffer for setup and clearance
TDMS-013,TT-SEC-05-20260916-0020,SEC-05,TRD,Medium,7,3.0,3.5,0.5,True,tight_fit,True,High,Timetable,2026-09-16T00:20:00,2026-09-16T03:50:00,2,85.0,Optimal fit with minimal idle window
TDMS-013,TT-SEC-05-20260920-0020,SEC-05,TRD,Medium,7,3.0,4.0,1.0,True,comfortable_fit,True,High,Timetable,2026-09-20T00:20:00,2026-09-20T04:20:00,2,80.0,Adequate buffer for setup and clearance
TDMS-013,GF-SEC-05-20260921-0350,SEC-05,TRD,Medium,7,3.0,1.5,-1.5,False,insufficient_duration,True,Low,GoodsForecast,2026-09-21T03:50:00,2026-09-21T05:20:00,1,40.0,"Slot duration 1.5h is less than required 3.0h; Utilizes dynamic goods cancellation slot, protecting timetable paths"
TDMS-013,TT-SEC-05-20260923-0020,SEC-05,TRD,Medium,7,3.0,3.5,0.5,True,tight_fit,True,High,Timetable,2026-09-23T00:20:00,2026-09-23T03:50:00,2,85.0,Optimal fit with minimal idle window
TDMS-013,TT-SEC-05-20260927-0020,SEC-05,TRD,Medium,7,3.0,4.0,1.0,True,comfortable_fit,True,High,Timetable,2026-09-27T00:20:00,2026-09-27T04:20:00,2,80.0,Adequate buffer for setup and clearance
TDMS-013,TT-SEC-05-20260930-0020,SEC-05,TRD,Medium,7,3.0,3.5,0.5,True,tight_fit,True,High,Timetable,2026-09-30T00:20:00,2026-09-30T03:50:00,2,85.0,Optimal fit with minimal idle window
TDMS-014,TT-SEC-05-20260907-0020,SEC-05,TRD,High,10,3.5,3.5,0.0,True,tight_fit,True,High,Timetable,2026-09-07T00:20:00,2026-09-07T03:50:00,2,95.0,Optimal fit with minimal idle window; High criticality matched to safe night corridor
TDMS-014,GF-SEC-05-20260907-0350,SEC-05,TRD,High,10,3.5,1.5,-2.0,False,insufficient_duration,True,Low,GoodsForecast,2026-09-07T03:50:00,2026-09-07T05:20:00,1,50.0,"Slot duration 1.5h is less than required 3.5h; High criticality matched to safe night corridor; Utilizes dynamic goods cancellation slot, protecting timetable paths"
TDMS-014,TT-SEC-05-20260908-0020,SEC-05,TRD,High,10,3.5,3.5,0.0,True,tight_fit,True,High,Timetable,2026-09-08T00:20:00,2026-09-08T03:50:00,2,95.0,Optimal fit with minimal idle window; High criticality matched to safe night corridor
TDMS-014,TT-SEC-05-20260909-0020,SEC-05,TRD,High,10,3.5,3.5,0.0,True,tight_fit,True,High,Timetable,2026-09-09T00:20:00,2026-09-09T03:50:00,2,95.0,Optimal fit with minimal idle window; High criticality matched to safe night corridor
TDMS-014,TT-SEC-05-20260910-0020,SEC-05,TRD,High,10,3.5,3.5,0.0,True,tight_fit,True,High,Timetable,2026-09-10T00:20:00,2026-09-10T03:50:00,2,95.0,Optimal fit with minimal idle window; High criticality matched to safe night corridor
TDMS-014,GF-SEC-05-20260910-0350,SEC-05,TRD,High,10,3.5,1.5,-2.0,False,insufficient_duration,True,Low,GoodsForecast,2026-09-10T03:50:00,2026-09-10T05:20:00,1,50.0,"Slot duration 1.5h is less than required 3.5h; High criticality matched to safe night corridor; Utilizes dynamic goods cancellation slot, protecting timetable paths"
TDMS-014,TT-SEC-05-20260911-0020,SEC-05,TRD,High,10,3.5,3.5,0.0,True,tight_fit,True,High,Timetable,2026-09-11T00:20:00,2026-09-11T03:50:00,2,95.0,Optimal fit with minimal idle window; High criticality matched to safe night corridor
TDMS-014,TT-SEC-05-20260912-0020,SEC-05,TRD,High,10,3.5,3.5,0.0,True,tight_fit,True,High,Timetable,2026-09-12T00:20:00,2026-09-12T03:50:00,2,95.0,Optimal fit with minimal idle window; High criticality matched to safe night corridor
TDMS-014,TT-SEC-05-20260913-0020,SEC-05,TRD,High,10,3.5,4.0,0.5,True,tight_fit,True,High,Timetable,2026-09-13T00:20:00,2026-09-13T04:20:00,2,95.0,Optimal fit with minimal idle window; High criticality matched to safe night corridor
TDMS-014,TT-SEC-05-20260916-0020,SEC-05,TRD,High,10,3.5,3.5,0.0,True,tight_fit,True,High,Timetable,2026-09-16T00:20:00,2026-09-16T03:50:00,2,95.0,Optimal fit with minimal idle window; High criticality matched to safe night corridor
TDMS-014,TT-SEC-05-20260920-0020,SEC-05,TRD,High,10,3.5,4.0,0.5,True,tight_fit,True,High,Timetable,2026-09-20T00:20:00,2026-09-20T04:20:00,2,95.0,Optimal fit with minimal idle window; High criticality matched to safe night corridor
TDMS-014,GF-SEC-05-20260921-0350,SEC-05,TRD,High,10,3.5,1.5,-2.0,False,insufficient_duration,True,Low,GoodsForecast,2026-09-21T03:50:00,2026-09-21T05:20:00,1,50.0,"Slot duration 1.5h is less than required 3.5h; High criticality matched to safe night corridor; Utilizes dynamic goods cancellation slot, protecting timetable paths"
TDMS-014,TT-SEC-05-20260923-0020,SEC-05,TRD,High,10,3.5,3.5,0.0,True,tight_fit,True,High,Timetable,2026-09-23T00:20:00,2026-09-23T03:50:00,2,95.0,Optimal fit with minimal idle window; High criticality matched to safe night corridor
TDMS-014,TT-SEC-05-20260927-0020,SEC-05,TRD,High,10,3.5,4.0,0.5,True,tight_fit,True,High,Timetable,2026-09-27T00:20:00,2026-09-27T04:20:00,2,95.0,Optimal fit with minimal idle window; High criticality matched to safe night corridor
TDMS-014,TT-SEC-05-20260930-0020,SEC-05,TRD,High,10,3.5,3.5,0.0,True,tight_fit,True,High,Timetable,2026-09-30T00:20:00,2026-09-30T03:50:00,2,95.0,Optimal fit with minimal idle window; High criticality matched to safe night corridor
